timestamp_s,frame,track_id,class,x1,y1,x2,y2,confidence
0.0,0,1,car,477,358,841,560,0.467
0.033,1,1,car,447,351,885,595,0.516
0.067,2,1,car,509,355,829,532,0.695
0.1,3,1,car,564,366,828,511,0.669
0.133,4,1,car,559,365,832,514,0.683
0.167,5,1,car,552,366,862,533,0.657
0.2,6,1,car,567,368,869,531,0.566
0.233,7,1,car,571,367,885,535,0.639
0.267,8,1,car,560,367,905,553,0.679
0.267,8,4,car,1300,578,1446,719,0.564
0.3,9,1,car,574,367,922,556,0.584
0.333,10,1,car,595,368,942,558,0.52
0.367,11,1,car,613,369,960,559,0.609
0.4,12,1,car,626,371,962,554,0.696
0.433,13,1,car,635,371,968,551,0.675
0.467,14,1,car,641,370,986,554,0.698
0.5,15,1,car,641,369,989,553,0.557
0.533,16,1,car,659,370,1003,548,0.632
0.567,17,1,car,669,370,1015,547,0.584
0.567,17,5,car,543,342,631,436,0.5
0.6,18,1,car,688,372,1029,543,0.682
0.6,18,5,car,539,342,629,436,0.468
0.633,19,1,car,707,371,1053,544,0.745
0.633,19,5,car,537,340,628,436,0.426
0.667,20,1,car,720,371,1066,542,0.745
0.667,20,5,car,538,339,630,437,0.437
0.7,21,1,car,734,373,1079,541,0.743
0.7,21,5,car,543,339,635,437,0.434
0.733,22,1,car,747,373,1100,544,0.788
0.733,22,5,car,546,338,638,437,0.462
0.767,23,1,car,759,375,1114,546,0.687
0.767,23,5,car,547,338,640,437,0.401
0.8,24,1,car,771,376,1129,546,0.645
0.8,24,5,car,548,339,639,436,0.449
0.833,25,1,car,792,376,1151,545,0.686
0.833,25,5,car,549,338,640,436,0.417
0.833,25,7,car,633,376,812,544,0.744
0.867,26,1,car,808,376,1169,544,0.707
0.867,26,7,car,635,375,815,543,0.775
0.9,27,1,car,815,376,1183,545,0.655
0.9,27,7,car,637,375,817,543,0.747
0.9,27,5,car,550,338,640,436,0.462
0.933,28,1,car,823,374,1200,546,0.701
0.933,28,7,car,639,375,816,542,0.668
0.933,28,5,car,550,339,639,436,0.514
0.967,29,1,car,842,374,1219,545,0.738
0.967,29,7,car,640,375,818,543,0.545
0.967,29,5,car,551,340,639,436,0.501
1.0,30,1,car,856,377,1229,544,0.73
1.0,30,7,car,640,375,819,545,0.626
1.0,30,5,car,551,341,640,436,0.513
1.0,30,10,car,1149,585,1239,720,0.546
1.033,31,1,car,867,375,1249,545,0.757
1.033,31,7,car,643,377,820,545,0.75
1.033,31,5,car,552,341,641,437,0.505
1.033,31,10,car,1146,599,1226,720,0.578
1.067,32,1,car,880,373,1271,547,0.763
1.067,32,7,car,646,376,821,543,0.595
1.067,32,5,car,551,341,640,436,0.547
1.1,33,1,car,894,373,1291,548,0.735
1.1,33,7,car,650,377,818,538,0.721
1.1,33,5,car,552,341,642,436,0.52
1.1,33,11,car,543,523,791,705,0.655
1.133,34,1,car,904,372,1305,548,0.73
1.133,34,7,car,653,376,819,536,0.56
1.133,34,5,car,554,342,644,436,0.478
1.133,34,11,car,537,522,796,713,0.635
1.167,35,1,car,914,370,1329,551,0.671
1.167,35,5,car,552,342,643,437,0.413
1.167,35,11,car,541,520,795,708,0.591
1.167,35,12,car,994,529,1204,720,0.441
1.2,36,1,car,928,366,1347,549,0.751
1.2,36,5,car,550,342,641,437,0.447
1.2,36,11,car,543,518,793,703,0.653
1.233,37,1,car,944,368,1360,550,0.732
1.233,37,5,car,548,342,640,437,0.462
1.233,37,11,car,536,518,794,711,0.617
1.267,38,1,car,960,366,1387,553,0.693
1.267,38,5,car,546,342,640,437,0.46
1.267,38,11,car,535,520,778,703,0.638
1.3,39,1,car,978,368,1404,553,0.778
1.3,39,5,car,542,342,637,437,0.498
1.3,39,11,car,529,518,773,705,0.668
1.333,40,1,car,995,371,1418,553,0.758
1.333,40,5,car,542,343,638,437,0.523
1.333,40,11,car,524,518,772,711,0.621
1.367,41,1,car,1008,369,1435,553,0.708
1.367,41,5,car,545,344,641,437,0.435
1.367,41,11,car,526,519,771,713,0.544
1.4,42,1,car,1025,378,1448,558,0.697
1.4,42,11,car,530,518,774,714,0.534
1.433,43,1,car,1043,381,1471,562,0.759
1.433,43,11,car,536,518,781,715,0.41
1.433,43,7,car,675,379,832,527,0.446
1.467,44,1,car,1055,382,1492,565,0.76
1.467,44,7,car,659,378,822,526,0.495
1.467,44,5,car,547,340,645,436,0.458
1.5,45,1,car,1079,387,1498,559,0.711
1.5,45,7,car,658,377,826,528,0.562
1.5,45,5,car,547,340,646,436,0.464
1.533,46,1,car,1087,387,1519,563,0.72
1.533,46,7,car,651,377,827,531,0.634
1.533,46,5,car,547,339,645,436,0.522
1.567,47,1,car,1089,386,1533,566,0.693
1.567,47,7,car,638,376,826,537,0.756
1.567,47,5,car,544,337,643,436,0.602
1.6,48,1,car,1096,387,1546,569,0.687
1.6,48,7,car,633,375,829,541,0.732
1.6,48,5,car,544,336,642,436,0.652
1.633,49,1,car,1113,387,1546,566,0.706
1.633,49,7,car,633,375,830,540,0.722
1.633,49,5,car,544,336,642,436,0.639
1.667,50,1,car,1129,387,1546,564,0.704
1.667,50,7,car,636,374,834,540,0.692
1.667,50,5,car,544,336,642,436,0.636
1.7,51,1,car,1141,388,1546,564,0.637
1.7,51,7,car,636,372,836,539,0.653
1.7,51,5,car,545,336,642,436,0.584
1.733,52,1,car,1151,388,1546,561,0.564
1.733,52,7,car,633,373,837,544,0.677
1.733,52,5,car,545,336,641,436,0.565
1.733,52,11,car,470,500,729,714,0.461
1.767,53,1,car,1165,390,1546,561,0.592
1.767,53,7,car,635,372,840,544,0.676
1.767,53,5,car,546,335,642,436,0.531
1.767,53,11,car,470,499,725,716,0.441
1.8,54,7,car,641,371,840,537,0.662
1.8,54,5,car,546,335,641,436,0.506
1.8,54,11,car,469,497,722,717,0.403
1.833,55,7,car,646,371,838,530,0.593
1.833,55,5,car,546,334,641,436,0.476
1.867,56,7,car,646,374,838,531,0.543
1.867,56,5,car,546,334,641,436,0.493
1.9,57,5,car,546,334,641,435,0.547
1.933,58,5,car,546,334,640,435,0.563
1.933,58,1,car,1222,394,1546,556,0.423
1.967,59,5,car,547,335,641,435,0.604
1.967,59,1,car,1236,394,1546,557,0.688
2.0,60,5,car,549,335,642,435,0.651
2.0,60,1,car,1248,395,1546,562,0.704
2.033,61,5,car,548,335,642,435,0.631
2.033,61,1,car,1256,395,1546,568,0.574
2.067,62,5,car,548,336,641,434,0.648
2.067,62,1,car,1268,394,1546,571,0.607
2.1,63,5,car,546,335,641,434,0.642
2.1,63,1,car,1287,394,1546,568,0.684
2.133,64,5,car,545,335,640,434,0.635
2.133,64,1,car,1305,396,1546,567,0.595
2.167,65,5,car,545,336,639,434,0.629
2.167,65,1,car,1321,395,1546,564,0.489
2.2,66,5,car,544,335,637,433,0.665
2.2,66,1,car,1339,397,1546,565,0.746
2.233,67,5,car,543,335,636,433,0.685
2.233,67,1,car,1341,394,1546,563,0.66
2.233,67,13,car,962,550,1066,707,0.513
2.267,68,5,car,543,334,636,433,0.691
2.267,68,1,car,1370,397,1546,561,0.572
2.267,68,13,car,967,549,1067,700,0.485
2.3,69,5,car,542,334,635,433,0.584
2.3,69,13,car,966,546,1070,701,0.462
2.333,70,5,car,542,333,634,432,0.54
2.333,70,14,car,1467,400,1546,549,0.437
2.367,71,5,car,541,332,634,432,0.496
2.367,71,14,car,1481,407,1546,540,0.443
2.4,72,5,car,541,332,635,433,0.447
2.433,73,5,car,537,331,633,433,0.462
2.467,74,5,car,536,331,633,433,0.455
2.533,76,15,car,475,486,653,554,0.612
2.533,76,5,car,538,332,635,432,0.449
2.567,77,15,car,473,486,659,557,0.522
2.667,80,16,car,0,357,41,456,0.628
2.7,81,16,car,0,359,40,456,0.609
2.767,83,5,car,532,332,632,433,0.405
2.767,83,16,car,0,359,33,451,0.4
2.8,84,5,car,528,332,630,433,0.446
2.833,85,5,car,526,332,632,434,0.433
2.867,86,5,car,524,332,632,434,0.443
2.9,87,5,car,522,331,632,434,0.44
2.933,88,5,car,520,331,632,434,0.483
2.967,89,5,car,520,331,632,434,0.506
3.0,90,5,car,520,331,634,435,0.524
3.033,91,5,car,519,331,635,435,0.501
3.067,92,5,car,520,331,637,435,0.512
3.1,93,5,car,521,331,640,435,0.52
3.133,94,5,car,521,330,642,436,0.462
3.167,95,5,car,520,331,642,436,0.453
3.2,96,5,car,520,331,643,436,0.419
3.233,97,5,car,522,331,641,436,0.446
3.267,98,5,car,522,332,642,435,0.44
3.3,99,5,car,524,331,642,435,0.472
3.333,100,5,car,523,331,643,435,0.47
3.333,100,19,motorbike,232,457,464,720,0.599
3.367,101,5,car,522,331,643,435,0.498
3.367,101,19,motorbike,235,463,462,720,0.549
3.4,102,5,car,520,331,643,436,0.531
3.4,102,19,motorbike,266,530,436,720,0.537
3.433,103,5,car,519,331,642,436,0.524
3.467,104,5,car,519,331,642,435,0.492
3.5,105,5,car,524,331,643,435,0.422
3.533,106,5,car,526,331,643,435,0.441
3.533,106,21,motorbike,249,458,505,720,0.477
3.533,106,22,car,552,540,627,634,0.474
3.567,107,5,car,527,331,643,435,0.47
3.567,107,21,motorbike,250,450,514,720,0.457
3.567,107,22,car,551,537,627,633,0.563
3.6,108,5,car,529,331,643,435,0.492
3.6,108,21,motorbike,252,439,525,720,0.632
3.6,108,22,car,552,537,629,633,0.498
3.633,109,5,car,529,331,643,435,0.544
3.633,109,21,motorbike,263,448,527,720,0.555
3.633,109,22,car,552,536,630,634,0.437
3.667,110,5,car,528,331,641,435,0.519
3.667,110,21,motorbike,301,516,503,720,0.459
3.667,110,22,car,556,536,635,635,0.494
3.7,111,5,car,529,331,640,435,0.53
3.7,111,22,car,558,538,637,636,0.451
3.733,112,5,car,530,331,640,435,0.516
3.733,112,22,car,561,541,640,637,0.519
3.767,113,5,car,531,331,639,434,0.488
3.767,113,22,car,563,542,644,637,0.511
3.767,113,21,motorbike,284,465,536,720,0.403
3.8,114,5,car,532,331,638,434,0.496
3.8,114,22,car,564,543,646,638,0.405
3.8,114,24,car,510,333,645,433,0.476
3.833,115,5,car,535,332,639,434,0.422
3.833,115,24,car,510,334,644,433,0.432
3.867,116,5,car,534,333,640,434,0.462
3.867,116,22,car,563,544,646,637,0.476
3.9,117,24,car,511,333,647,434,0.533
3.933,118,24,car,510,334,646,435,0.409
3.933,118,5,car,531,332,637,434,0.525
3.967,119,5,car,531,333,637,434,0.487
4.0,120,5,car,530,333,638,435,0.508
4.033,121,5,car,533,333,641,434,0.533
4.067,122,5,car,533,333,641,434,0.526
4.067,122,21,car,349,570,506,717,0.478
4.1,123,5,car,534,333,643,434,0.487
4.1,123,21,car,344,561,517,718,0.414
4.133,124,5,car,535,333,644,434,0.485
4.133,124,21,car,347,564,520,716,0.602
4.133,124,25,car,0,342,30,431,0.429
4.167,125,5,car,536,332,645,434,0.465
4.167,125,25,car,0,343,28,431,0.433
4.2,126,5,car,536,330,643,433,0.5
4.2,126,26,car,1261,595,1463,718,0.538
4.233,127,5,car,537,330,642,432,0.505
4.233,127,26,car,1250,590,1460,717,0.539
4.267,128,5,car,538,328,640,432,0.501
4.3,129,5,car,539,328,640,431,0.494
4.3,129,21,car,337,527,554,720,0.413
4.333,130,5,car,540,327,640,431,0.511
4.333,130,28,car,1239,375,1366,481,0.411
4.367,131,5,car,540,326,638,430,0.523
4.4,132,5,car,539,325,636,430,0.515
4.4,132,26,car,1251,578,1482,719,0.545
4.433,133,5,car,538,324,634,429,0.527
4.433,133,26,car,1249,571,1487,719,0.741
4.467,134,5,car,537,323,632,429,0.544
4.467,134,26,car,1246,563,1493,719,0.557
4.467,134,21,car,359,532,563,715,0.467
4.5,135,5,car,536,323,630,428,0.573
4.5,135,26,car,1244,556,1497,719,0.754
4.533,136,5,car,534,322,628,428,0.562
4.533,136,26,car,1241,545,1504,718,0.727
4.567,137,5,car,531,321,625,428,0.577
4.567,137,26,car,1246,548,1499,718,0.743
4.6,138,5,car,528,321,624,428,0.531
4.6,138,26,car,1243,540,1501,718,0.546
4.633,139,5,car,528,322,623,427,0.455
4.633,139,26,car,1245,539,1498,717,0.601
4.667,140,5,car,527,323,621,427,0.476
4.7,141,5,car,527,324,622,427,0.458
4.733,142,5,car,527,324,623,428,0.428
4.833,145,5,car,526,326,620,428,0.449
4.867,146,26,car,1258,554,1481,714,0.402
4.967,149,5,car,527,329,621,430,0.419
5.0,150,32,car,837,374,925,467,0.532
5.033,151,32,car,837,374,925,467,0.597
5.067,152,32,car,842,374,927,465,0.5
5.1,153,32,car,843,373,930,465,0.531
5.1,153,5,car,529,332,618,427,0.432
5.133,154,34,car,3,275,245,648,0.49
5.133,154,26,car,1192,445,1528,713,0.43
5.167,155,34,car,8,275,249,646,0.753
5.167,155,36,car,1507,435,1544,506,0.46
5.2,156,34,car,10,273,259,655,0.58
5.2,156,36,car,1506,433,1544,507,0.411
5.233,157,34,car,18,274,265,651,0.684
5.267,158,34,car,26,275,269,640,0.702
5.3,159,34,car,32,272,275,634,0.798
5.333,160,34,car,36,272,284,633,0.775
5.367,161,34,car,39,273,294,637,0.761
5.4,162,34,car,42,269,303,634,0.766
5.433,163,34,car,42,266,312,632,0.758
5.433,163,5,car,532,331,621,429,0.445
5.467,164,34,car,59,270,307,590,0.689
5.467,164,5,car,534,334,620,430,0.414
5.5,165,34,car,60,270,319,592,0.72
5.5,165,5,car,532,333,619,431,0.494
5.533,166,34,car,58,269,334,599,0.743
5.533,166,5,car,529,334,617,431,0.488
5.567,167,34,car,53,266,349,610,0.661
5.567,167,5,car,527,334,616,433,0.545
5.6,168,34,car,59,267,355,597,0.709
5.6,168,5,car,527,335,616,433,0.5
5.633,169,34,car,64,266,362,583,0.692
5.633,169,5,car,529,335,618,434,0.484
5.667,170,34,car,66,263,371,573,0.711
5.667,170,5,car,526,335,617,437,0.452
5.7,171,34,car,71,266,376,562,0.733
5.7,171,5,car,530,336,619,436,0.445
5.733,172,34,car,65,264,389,566,0.689
5.733,172,5,car,533,335,621,435,0.439
5.767,173,34,car,75,268,389,544,0.742
5.767,173,5,car,534,335,621,435,0.448
5.8,174,34,car,75,267,398,539,0.593
5.867,176,5,car,533,338,616,433,0.524
5.9,177,5,car,531,338,614,431,0.49
5.9,177,34,car,84,270,417,532,0.527
5.933,178,34,car,81,273,426,528,0.642
5.967,179,34,car,75,273,438,530,0.559
5.967,179,37,car,762,378,946,550,0.513
6.0,180,34,car,72,273,450,529,0.569
6.0,180,37,car,764,379,941,544,0.468
6.033,181,34,car,40,268,491,569,0.517
6.067,182,34,car,49,267,489,552,0.549
6.1,183,5,car,535,336,620,435,0.435
6.133,184,37,car,762,381,933,541,0.416
6.167,185,37,car,771,380,930,526,0.447
6.2,186,34,car,19,259,550,601,0.425
6.233,187,34,car,13,259,565,613,0.42
6.233,187,37,car,757,381,938,545,0.409
6.3,189,37,car,754,380,941,548,0.557
6.4,192,37,car,757,379,925,526,0.515
6.433,193,37,car,755,383,922,524,0.5
6.8,204,37,car,756,373,942,525,0.403
6.833,205,37,car,756,372,950,529,0.477
6.9,207,37,car,784,379,949,510,0.405
7.2,216,41,car,1422,416,1545,515,0.403
7.333,220,42,car,5,386,118,537,0.643
7.367,221,42,car,15,393,120,532,0.745
7.4,222,42,car,20,387,129,530,0.759
7.433,223,42,car,26,388,135,527,0.744
7.433,223,37,car,801,382,961,514,0.44
7.467,224,42,car,33,387,143,524,0.695
7.5,225,42,car,41,388,152,521,0.746
7.533,226,42,car,53,389,162,514,0.738
7.567,227,42,car,65,388,176,510,0.718
7.6,228,42,car,77,389,193,510,0.657
7.633,229,42,car,88,388,207,508,0.683
7.633,229,43,car,536,561,608,643,0.424
7.667,230,42,car,97,386,221,507,0.735
7.667,230,43,car,538,563,610,643,0.448
7.7,231,42,car,110,386,235,504,0.662
7.7,231,43,car,540,565,610,643,0.477
7.733,232,42,car,124,385,250,501,0.623
7.733,232,43,car,538,566,608,643,0.488
7.767,233,42,car,132,385,262,501,0.604
7.767,233,43,car,539,565,610,644,0.436
7.767,233,44,car,107,374,442,509,0.52
7.8,234,42,car,144,384,276,500,0.66
7.8,234,43,car,544,564,619,645,0.422
7.833,235,42,car,156,385,287,497,0.488
7.833,235,43,car,548,564,625,646,0.471
7.833,235,44,car,138,376,452,502,0.427
7.867,236,42,car,166,385,299,497,0.568
7.9,237,42,car,179,383,315,496,0.578
7.9,237,43,car,550,563,630,646,0.403
7.933,238,42,car,188,382,324,494,0.739
7.967,239,42,car,198,381,335,492,0.529
8.0,240,42,car,206,378,346,491,0.589
8.033,241,42,car,219,381,355,490,0.717
8.067,242,42,car,229,382,364,489,0.733
8.1,243,42,car,238,381,373,488,0.653
8.133,244,42,car,249,381,383,486,0.725
8.167,245,42,car,257,380,391,486,0.739
8.2,246,42,car,267,381,399,484,0.72
8.233,247,42,car,276,381,407,484,0.479
8.3,249,42,car,295,379,427,483,0.476
8.333,250,42,car,305,379,434,481,0.668
8.367,251,42,car,313,379,440,479,0.65
8.4,252,42,car,324,378,450,478,0.629
8.433,253,42,car,334,379,458,476,0.504
8.467,254,42,car,344,380,463,474,0.66
8.467,254,46,car,827,377,941,457,0.423
8.5,255,42,car,351,381,469,474,0.667
8.533,256,42,car,361,381,477,473,0.633
8.533,256,46,car,829,375,947,458,0.403
8.567,257,42,car,370,380,486,472,0.543
8.6,258,42,car,378,380,491,470,0.614
8.633,259,42,car,386,380,500,470,0.677
8.667,260,42,car,391,378,509,471,0.654
8.667,260,50,car,1,373,74,446,0.413
8.7,261,42,car,399,377,517,471,0.598
8.733,262,42,car,405,376,522,471,0.502
8.767,263,42,car,415,378,526,468,0.572
8.8,264,42,car,424,377,534,467,0.573
8.833,265,42,car,428,375,541,467,0.447
8.833,265,52,car,8,364,100,550,0.6
8.867,266,42,car,436,376,547,467,0.534
8.867,266,52,car,13,367,105,551,0.69
8.9,267,42,car,444,376,555,468,0.432
8.9,267,52,car,23,377,111,551,0.633
8.933,268,52,car,28,373,121,549,0.765
8.967,269,52,car,35,374,129,547,0.786
8.967,269,42,car,455,371,567,465,0.531
9.0,270,52,car,39,371,138,545,0.75
9.0,270,42,car,474,368,592,463,0.493
9.033,271,52,car,42,370,146,544,0.673
9.033,271,54,car,601,373,803,591,0.475
9.067,272,52,car,49,376,156,543,0.735
9.067,272,54,car,602,375,804,593,0.615
9.067,272,42,car,477,370,592,464,0.424
9.1,273,52,car,54,384,165,543,0.778
9.1,273,54,car,599,374,805,596,0.61
9.1,273,42,car,471,340,614,462,0.459
9.133,274,52,car,60,400,168,541,0.784
9.167,275,52,car,64,404,180,540,0.771
9.167,275,42,car,476,326,626,459,0.483
9.2,276,52,car,65,401,194,541,0.771
9.2,276,42,car,483,321,625,454,0.448
9.233,277,52,car,65,401,206,541,0.805
9.233,277,42,car,488,321,623,451,0.428
9.267,278,52,car,66,401,218,541,0.795
9.3,279,52,car,65,399,230,540,0.791
9.333,280,52,car,65,397,241,537,0.767
9.333,280,42,car,495,320,619,445,0.404
9.367,281,52,car,65,397,251,535,0.722
9.4,282,52,car,63,394,262,532,0.68
9.433,283,52,car,67,393,273,527,0.672
9.467,284,52,car,73,394,284,523,0.726
9.5,285,52,car,81,395,299,522,0.78
9.5,285,42,car,505,332,607,437,0.523
9.533,286,52,car,86,391,317,520,0.763
9.567,287,52,car,99,393,330,517,0.803
9.6,288,52,car,111,394,346,515,0.825
9.6,288,42,car,503,333,600,436,0.42
9.633,289,52,car,125,394,360,512,0.813
9.633,289,42,car,502,333,599,436,0.469
9.633,289,50,car,4,372,77,445,0.418
9.667,290,52,car,135,394,372,509,0.835
9.7,291,52,car,145,394,386,508,0.814
9.7,291,58,car,525,552,598,644,0.474
9.7,291,60,car,1137,405,1218,488,0.435
9.7,291,42,car,488,333,588,436,0.529
9.733,292,52,car,156,392,401,506,0.823
9.733,292,58,car,525,552,598,643,0.523
9.733,292,60,car,1140,407,1218,487,0.453
9.733,292,42,car,482,332,586,436,0.405
9.767,293,52,car,168,392,412,504,0.802
9.767,293,58,car,525,552,599,644,0.412
9.767,293,60,car,1139,408,1217,488,0.493
9.8,294,52,car,176,391,422,502,0.813
9.8,294,58,car,526,554,598,644,0.42
9.8,294,60,car,1137,405,1218,488,0.436
9.8,294,42,car,479,330,589,437,0.462
9.833,295,52,car,186,390,433,500,0.8
9.833,295,58,car,526,554,598,644,0.402
9.867,296,52,car,196,388,446,499,0.807
9.9,297,52,car,204,387,456,498,0.777
9.9,297,60,car,1141,411,1217,488,0.404
9.933,298,52,car,215,386,466,497,0.804
9.967,299,52,car,228,387,475,496,0.774
10.0,300,52,car,237,386,483,494,0.761
10.033,301,52,car,247,385,491,492,0.758
10.067,302,52,car,254,383,500,491,0.768
10.1,303,52,car,267,386,504,490,0.728
10.1,303,62,car,1462,670,1543,720,0.431
10.133,304,52,car,276,385,510,488,0.695
10.133,304,62,car,1462,671,1543,720,0.45
10.167,305,52,car,287,386,517,487,0.706
10.167,305,62,car,1462,671,1543,720,0.405
10.2,306,52,car,299,385,525,485,0.798
10.233,307,52,car,308,386,531,484,0.754
10.233,307,62,car,1462,671,1543,720,0.408
10.267,308,52,car,320,386,540,483,0.679
10.267,308,62,car,1462,670,1543,720,0.425
10.3,309,52,car,339,387,553,481,0.654
10.3,309,62,car,1462,670,1543,720,0.446
10.333,310,52,car,343,387,554,481,0.688
10.333,310,62,car,1462,671,1543,720,0.487
10.367,311,52,car,350,386,563,480,0.669
10.367,311,62,car,1461,670,1543,720,0.482
10.367,311,65,car,1473,429,1545,511,0.487
10.4,312,52,car,358,386,569,480,0.631
10.4,312,62,car,1462,671,1543,720,0.478
10.4,312,65,car,1472,427,1546,511,0.538
10.433,313,52,car,365,386,573,479,0.687
10.433,313,62,car,1462,671,1543,720,0.487
10.433,313,65,car,1473,428,1546,511,0.479
10.467,314,52,car,369,387,574,478,0.687
10.467,314,62,car,1462,671,1543,720,0.494
10.467,314,65,car,1474,428,1546,511,0.451
10.5,315,52,car,375,386,579,478,0.632
10.5,315,62,car,1462,671,1543,720,0.493
10.5,315,65,car,1474,428,1546,510,0.442
10.533,316,52,car,382,384,585,477,0.679
10.533,316,62,car,1462,671,1542,720,0.467
10.567,317,52,car,386,385,581,476,0.663
10.567,317,62,car,1462,672,1542,720,0.449
10.6,318,52,car,389,383,580,475,0.685
10.633,319,52,car,395,385,580,475,0.706
10.667,320,52,car,401,383,580,474,0.578
10.7,321,52,car,405,359,625,473,0.555
10.733,322,52,car,405,343,648,472,0.722
10.767,323,52,car,410,335,655,471,0.689
10.8,324,52,car,413,331,658,470,0.599
10.833,325,52,car,420,327,661,468,0.441
10.833,325,68,car,0,528,130,720,0.5
10.867,326,68,car,1,531,129,720,0.529
10.9,327,68,car,0,503,138,719,0.508
10.933,328,68,car,0,499,138,719,0.636
11.0,330,70,car,8,370,215,533,0.431
11.033,331,70,car,17,374,219,532,0.595
11.067,332,70,car,27,377,226,531,0.65
11.1,333,70,car,28,370,238,531,0.598
11.133,334,70,car,35,370,243,528,0.71
11.167,335,70,car,42,374,247,525,0.75
11.2,336,70,car,49,375,253,521,0.709
11.233,337,70,car,49,370,265,521,0.549
11.267,338,70,car,54,376,273,523,0.62
11.3,339,70,car,56,376,282,522,0.658
11.333,340,70,car,49,374,300,531,0.672
11.333,340,71,car,465,327,591,445,0.554
11.367,341,70,car,54,374,307,526,0.552
11.367,341,71,car,466,326,591,443,0.547
11.4,342,70,car,58,375,317,524,0.503
11.4,342,71,car,464,325,590,443,0.552
11.4,342,72,car,573,382,727,488,0.42
11.433,343,70,car,78,385,322,519,0.641
11.433,343,71,car,461,322,589,442,0.57
11.433,343,72,car,573,383,728,490,0.405
11.467,344,70,car,101,388,340,514,0.646
11.467,344,71,car,461,322,590,442,0.578
11.467,344,68,car,44,450,177,622,0.488
11.5,345,70,car,123,391,359,513,0.76
11.5,345,71,car,462,322,590,442,0.5
11.5,345,68,car,40,449,186,619,0.701
11.533,346,70,car,134,392,375,512,0.691
11.533,346,71,car,462,326,586,442,0.571
11.533,346,68,car,34,448,198,628,0.547
11.567,347,70,car,143,391,389,511,0.728
11.567,347,71,car,462,326,586,442,0.468
11.567,347,68,car,38,450,204,618,0.544
11.6,348,70,car,158,390,407,509,0.729
11.6,348,71,car,461,326,584,441,0.497
11.6,348,68,car,35,442,216,616,0.536
11.633,349,70,car,169,388,419,506,0.759
11.633,349,68,car,38,445,223,612,0.573
11.667,350,70,car,181,388,430,505,0.73
11.667,350,68,car,40,448,228,609,0.694
11.7,351,70,car,189,383,449,504,0.764
11.7,351,68,car,39,450,234,608,0.657
11.7,351,71,car,460,331,578,439,0.496
11.733,352,70,car,201,381,463,503,0.741
11.733,352,68,car,39,450,241,607,0.663
11.733,352,71,car,457,332,576,441,0.573
11.767,353,70,car,212,381,471,502,0.735
11.767,353,68,car,37,449,247,606,0.679
11.767,353,71,car,454,332,576,442,0.475
11.8,354,70,car,221,380,476,499,0.708
11.8,354,68,car,36,447,256,606,0.677
11.8,354,71,car,454,334,573,440,0.44
11.833,355,70,car,232,381,482,497,0.665
11.833,355,68,car,35,444,267,606,0.755
11.867,356,70,car,245,383,492,497,0.623
11.867,356,68,car,31,442,274,607,0.774
11.867,356,71,car,452,334,572,440,0.452
11.9,357,70,car,254,380,500,494,0.636
11.9,357,68,car,30,443,279,609,0.678
11.933,358,70,car,262,379,509,493,0.609
11.933,358,68,car,30,441,288,609,0.741
11.967,359,70,car,272,380,516,493,0.644
11.967,359,68,car,29,441,295,611,0.731
12.0,360,70,car,284,381,525,493,0.708
12.0,360,68,car,25,437,302,612,0.677
12.033,361,70,car,294,380,533,491,0.701
12.033,361,68,car,24,436,308,611,0.728
12.067,362,70,car,305,380,540,490,0.659
12.067,362,68,car,25,432,313,606,0.713
12.1,363,70,car,317,380,548,488,0.637
12.1,363,68,car,25,433,318,608,0.715
12.133,364,70,car,328,377,564,487,0.425
12.133,364,68,car,24,435,323,610,0.728
12.167,365,68,car,25,436,328,610,0.763
12.2,366,68,car,27,436,330,607,0.825
12.2,366,74,car,730,378,817,446,0.436
12.2,366,70,car,344,375,580,485,0.462
12.233,367,68,car,26,435,336,608,0.821
12.267,368,68,car,20,434,349,614,0.799
12.267,368,74,car,719,378,810,448,0.466
12.3,369,68,car,17,432,357,617,0.797
12.3,369,74,car,721,378,814,449,0.456
12.333,370,68,car,13,431,366,622,0.807
12.367,371,68,car,14,431,372,623,0.797
12.367,371,74,car,726,377,816,446,0.427
12.4,372,68,car,16,432,375,623,0.764
12.4,372,75,car,1473,416,1545,515,0.539
12.4,372,70,car,382,360,619,473,0.418
12.433,373,68,car,16,430,378,621,0.759
12.433,373,75,car,1470,408,1546,513,0.579
12.467,374,68,car,17,429,380,618,0.704
12.467,374,75,car,1471,414,1544,515,0.516
12.5,375,68,car,19,428,387,619,0.743
12.5,375,74,car,741,371,835,441,0.53
12.533,376,68,car,29,429,403,618,0.616
12.567,377,68,car,37,428,420,617,0.697
12.6,378,68,car,42,425,424,610,0.632
12.6,378,76,car,513,485,768,704,0.458
12.633,379,68,car,41,429,420,609,0.617
12.633,379,76,car,496,460,781,706,0.687
12.667,380,68,car,34,430,418,609,0.598
12.667,380,76,car,498,469,778,711,0.538
12.7,381,68,car,31,429,421,608,0.608
12.7,381,76,car,474,425,796,706,0.593
12.733,382,68,car,20,425,420,608,0.587
12.733,382,76,car,474,423,797,708,0.589
12.767,383,68,car,19,424,420,606,0.587
12.767,383,76,car,480,436,767,693,0.499
12.8,384,68,car,20,423,421,604,0.599
12.8,384,76,car,483,438,751,681,0.452
12.8,384,74,car,737,366,829,435,0.474
12.833,385,68,car,13,419,424,605,0.587
12.833,385,76,car,487,459,752,705,0.525
12.833,385,80,car,954,365,1111,483,0.54
12.867,386,68,car,14,418,427,605,0.712
12.867,386,80,car,955,371,1105,484,0.439
12.9,387,68,car,20,419,429,603,0.525
12.933,388,68,car,12,417,428,604,0.628
12.933,388,76,car,487,473,742,715,0.409
12.933,388,80,car,956,376,1097,482,0.407
12.967,389,68,car,15,416,433,605,0.603
12.967,389,84,car,526,513,698,658,0.538
12.967,389,76,car,499,489,726,707,0.507
13.0,390,68,car,33,417,442,604,0.771
13.0,390,84,car,519,506,701,660,0.492
13.0,390,80,car,951,371,1102,484,0.48
13.033,391,68,car,19,415,433,607,0.7
13.033,391,80,car,951,371,1102,484,0.515
13.067,392,68,car,37,419,432,604,0.692
13.1,393,68,car,46,418,442,606,0.699
13.133,394,68,car,45,413,439,604,0.69
13.167,395,68,car,43,417,436,609,0.624
13.2,396,68,car,47,416,436,608,0.686
13.2,396,86,car,98,404,406,686,0.459
13.233,397,68,car,55,416,438,608,0.628
13.233,397,86,car,95,405,420,703,0.48
13.267,398,68,car,64,415,438,604,0.582
13.267,398,80,car,943,374,1095,485,0.417
13.3,399,68,car,74,413,434,597,0.615
13.333,400,68,car,84,412,433,592,0.606
13.367,401,68,car,93,410,434,587,0.526
13.433,403,68,car,126,408,464,580,0.439
13.467,404,68,car,135,408,481,580,0.448
13.5,405,68,car,136,404,492,578,0.532
13.533,406,68,car,142,400,498,573,0.464
13.567,407,68,car,140,393,505,569,0.645
13.6,408,68,car,143,397,493,565,0.529
13.633,409,68,car,153,404,489,562,0.447
13.733,412,68,car,221,415,539,573,0.414
13.833,415,89,car,1356,410,1486,509,0.402
13.867,416,89,car,1360,410,1489,508,0.424
14.233,427,95,car,703,366,819,441,0.582
14.267,428,95,car,707,367,820,441,0.523
14.267,428,96,car,0,389,135,534,0.562
14.267,428,97,car,219,404,577,571,0.429
14.333,430,96,car,11,382,151,533,0.635
14.333,430,97,car,209,399,564,565,0.47
14.367,431,97,car,214,399,564,564,0.556
14.367,431,95,car,720,371,828,441,0.589
14.4,432,97,car,221,401,564,565,0.61
14.4,432,99,car,2,534,58,719,0.549
14.4,432,95,car,721,368,832,441,0.479
14.433,433,97,car,223,402,562,565,0.622
14.433,433,99,car,3,525,63,719,0.432
14.433,433,95,car,724,368,834,439,0.484
14.467,434,97,car,232,404,558,562,0.641
14.467,434,95,car,730,370,835,438,0.427
14.467,434,101,car,0,378,298,718,0.578
14.5,435,97,car,234,404,548,558,0.537
14.5,435,95,car,730,369,838,439,0.454
14.5,435,101,car,0,380,295,717,0.679
14.533,436,95,car,733,370,840,439,0.425
14.533,436,101,car,0,381,291,716,0.411
14.533,436,102,car,852,392,947,503,0.405
14.567,437,95,car,737,372,841,439,0.558
14.567,437,101,car,0,377,288,717,0.418
14.6,438,95,car,737,369,845,440,0.442
14.633,439,95,car,737,366,848,440,0.466
14.633,439,101,car,0,377,287,717,0.401
14.667,440,95,car,739,365,850,438,0.487
14.667,440,102,car,834,378,946,509,0.52
14.7,441,97,car,305,408,608,559,0.621
14.733,442,97,car,309,408,605,560,0.632
14.733,442,101,car,67,375,247,564,0.579
14.767,443,97,car,299,405,605,564,0.711
14.767,443,101,car,88,375,241,518,0.478
14.8,444,97,car,294,405,599,566,0.742
14.833,445,97,car,290,404,594,566,0.631
14.867,446,97,car,293,404,588,563,0.514
14.867,446,96,car,92,374,260,519,0.538
14.9,447,97,car,293,404,587,563,0.41
14.933,448,106,car,173,256,399,424,0.647
14.933,448,107,car,1072,385,1222,490,0.521
14.933,448,108,car,6,468,237,716,0.483
14.967,449,96,car,118,374,307,515,0.527
15.0,450,96,car,116,372,319,513,0.625
15.0,450,102,car,813,371,910,470,0.402
15.033,451,96,car,122,372,332,509,0.523
15.033,451,107,car,1052,385,1206,494,0.445
15.067,452,96,car,123,366,348,508,0.61
15.067,452,107,car,1057,384,1211,493,0.522
15.133,454,107,car,1062,383,1211,491,0.45
15.167,455,107,car,1072,384,1220,491,0.467
15.2,456,107,car,1074,381,1223,489,0.464
15.2,456,111,car,111,380,404,693,0.589
15.2,456,112,car,1105,379,1181,491,0.521
15.233,457,107,car,1076,380,1226,490,0.528
15.267,458,107,car,1078,382,1225,491,0.495
15.3,459,112,car,1111,387,1183,491,0.455
15.333,460,107,car,1080,389,1215,491,0.464
15.367,461,107,car,1083,392,1210,490,0.441
15.367,461,96,car,230,369,429,491,0.487
15.4,462,96,car,234,367,440,491,0.461
15.4,462,108,motorbike,0,471,205,717,0.407
15.433,463,96,car,244,369,447,490,0.585
15.433,463,108,motorbike,0,472,200,719,0.459
15.467,464,96,car,253,369,458,489,0.46
15.467,464,114,car,785,345,1011,477,0.473
15.5,465,96,car,258,369,465,488,0.481
15.5,465,114,car,798,343,995,458,0.439
15.533,466,96,car,264,367,476,487,0.439
15.567,467,112,car,1138,404,1204,494,0.511
15.567,467,108,motorbike,18,464,239,718,0.537
15.567,467,114,car,798,345,976,450,0.445
15.6,468,116,car,19,284,317,463,0.666
15.6,468,108,motorbike,22,458,245,718,0.543
15.6,468,107,car,1111,401,1228,493,0.485
15.6,468,96,car,278,368,485,484,0.445
15.633,469,116,car,6,284,307,465,0.47
15.633,469,107,car,1111,398,1229,493,0.42
15.633,469,114,car,803,343,985,450,0.404
15.667,470,107,car,1113,396,1229,492,0.49
15.667,470,118,car,456,398,767,662,0.545
15.667,470,119,car,452,396,796,547,0.428
15.667,470,114,car,805,342,977,444,0.415
15.7,471,107,car,1111,395,1226,492,0.463
15.7,471,118,car,482,399,782,654,0.482
15.7,471,119,car,458,398,798,548,0.61
15.7,471,116,car,0,285,303,470,0.704
15.733,472,118,car,492,401,790,653,0.537
15.733,472,119,car,452,400,820,563,0.533
15.733,472,116,car,0,289,295,471,0.694
15.767,473,118,car,493,400,798,658,0.47
15.767,473,119,car,442,397,838,575,0.4
15.767,473,116,car,0,290,289,470,0.7
15.8,474,118,car,486,396,818,679,0.653
15.8,474,119,car,432,391,856,584,0.525
15.8,474,116,car,0,288,293,473,0.583
15.833,475,118,car,482,396,830,695,0.589
15.833,475,119,car,417,391,881,607,0.577
15.833,475,116,car,0,257,316,475,0.581
15.867,476,118,car,488,393,822,680,0.501
15.867,476,119,car,432,390,872,598,0.565
15.867,476,116,car,0,244,321,475,0.586
15.9,477,119,car,454,382,856,576,0.458
15.9,477,116,car,0,251,306,475,0.508
15.933,478,119,car,450,376,859,579,0.664
15.933,478,116,car,0,245,301,476,0.667
15.933,478,118,car,490,384,821,672,0.451
15.967,479,119,car,466,377,852,572,0.568
15.967,479,116,car,0,239,298,478,0.609
15.967,479,118,car,485,384,812,669,0.46
15.967,479,111,car,157,463,403,719,0.43
15.967,479,96,car,376,369,563,474,0.422
16.0,480,119,car,483,379,831,559,0.489
16.0,480,116,car,0,237,292,478,0.696
16.0,480,96,car,383,370,570,475,0.488
16.033,481,119,car,501,386,821,555,0.556
16.033,481,116,car,0,233,287,478,0.547
16.033,481,96,car,390,370,578,474,0.525
16.067,482,119,car,562,395,871,557,0.526
16.067,482,96,car,399,368,587,472,0.421
16.1,483,119,car,582,398,888,556,0.6
16.1,483,96,car,408,368,596,471,0.545
16.133,484,119,car,613,402,910,556,0.563
16.133,484,96,car,412,365,604,469,0.579
16.133,484,116,car,0,242,262,471,0.426
16.167,485,119,car,625,405,921,557,0.626
16.167,485,96,car,401,346,624,469,0.535
16.2,486,119,car,634,408,927,557,0.715
16.2,486,96,car,403,337,636,468,0.44
16.2,486,116,car,0,232,258,476,0.492
16.233,487,119,car,634,409,930,559,0.522
16.267,488,116,car,0,238,238,466,0.504
16.3,489,96,car,432,349,632,464,0.434
16.333,490,119,car,661,411,957,560,0.421
16.367,491,119,car,670,411,969,562,0.689
16.367,491,107,car,1125,394,1232,485,0.423
16.4,492,119,car,680,410,980,562,0.761
16.433,493,119,car,693,409,994,561,0.804
16.467,494,119,car,699,409,1001,562,0.768
16.467,494,108,car,109,458,357,719,0.425
16.5,495,119,car,702,409,1008,562,0.725
16.533,496,119,car,707,410,1017,563,0.726
16.567,497,119,car,708,410,1025,565,0.649
16.567,497,108,car,115,487,354,719,0.454
16.6,498,119,car,709,409,1036,567,0.783
16.6,498,108,car,129,486,370,719,0.622
16.6,498,96,car,489,371,640,461,0.502
16.633,499,119,car,710,408,1045,569,0.828
16.633,499,108,car,138,498,368,719,0.485
16.667,500,119,car,717,409,1055,570,0.828
16.7,501,119,car,731,409,1069,569,0.789
16.733,502,119,car,740,409,1082,570,0.787
16.733,502,96,car,529,366,685,459,0.504
16.767,503,119,car,751,410,1091,569,0.791
16.8,504,119,car,758,410,1105,572,0.75
16.833,505,119,car,771,411,1119,573,0.785
16.833,505,128,car,1514,406,1546,533,0.414
16.833,505,96,car,542,363,700,457,0.494
16.867,506,119,car,781,411,1131,573,0.819
16.867,506,96,car,546,363,703,456,0.437
16.9,507,119,car,788,410,1139,573,0.822
16.9,507,96,car,550,363,706,455,0.593
16.933,508,119,car,793,409,1147,574,0.814
16.933,508,96,car,555,363,708,453,0.581
16.967,509,119,car,805,409,1159,573,0.831
16.967,509,96,car,559,364,711,453,0.593
16.967,509,108,car,154,502,378,720,0.469
17.0,510,119,car,813,406,1174,573,0.84
17.0,510,96,car,562,365,716,455,0.61
17.0,510,108,car,151,482,387,720,0.438
17.033,511,119,car,821,407,1182,574,0.853
17.033,511,96,car,569,367,717,454,0.625
17.067,512,119,car,828,405,1196,576,0.784
17.067,512,96,car,578,371,718,453,0.634
17.067,512,129,car,1495,414,1545,511,0.401
17.1,513,119,car,840,407,1207,577,0.812
17.1,513,96,car,579,369,723,453,0.696
17.133,514,119,car,853,410,1213,576,0.807
17.133,514,96,car,582,367,728,452,0.621
17.167,515,119,car,869,411,1226,575,0.821
17.167,515,96,car,586,367,732,452,0.659
17.2,516,119,car,882,411,1242,576,0.815
17.2,516,96,car,587,366,737,454,0.754
17.233,517,119,car,894,411,1256,577,0.817
17.233,517,96,car,590,367,738,454,0.761
17.267,518,119,car,905,412,1265,577,0.802
17.267,518,96,car,593,367,739,453,0.737
17.3,519,119,car,915,413,1281,580,0.795
17.3,519,96,car,595,367,741,452,0.724
17.333,520,119,car,928,414,1295,581,0.835
17.333,520,96,car,596,366,742,451,0.596
17.333,520,130,car,455,356,595,434,0.41
17.367,521,119,car,939,412,1307,580,0.843
17.367,521,96,car,596,367,740,450,0.499
17.4,522,119,car,954,415,1322,582,0.834
17.433,523,119,car,964,417,1333,584,0.846
17.467,524,119,car,976,419,1342,583,0.814
17.467,524,96,car,629,369,763,449,0.517
17.5,525,119,car,987,420,1355,585,0.802
17.5,525,96,car,634,369,766,448,0.626
17.533,526,119,car,995,421,1364,586,0.789
17.533,526,96,car,638,368,767,448,0.614
17.567,527,119,car,1011,422,1380,586,0.816
17.567,527,96,car,641,369,769,448,0.513
17.6,528,119,car,1027,424,1396,587,0.806
17.6,528,96,car,644,369,771,449,0.537
17.633,529,119,car,1038,425,1407,587,0.829
17.633,529,96,car,644,368,771,448,0.487
17.667,530,119,car,1048,424,1422,587,0.802
17.667,530,96,car,644,367,771,448,0.516
17.667,530,130,car,495,368,611,434,0.404
17.7,531,119,car,1065,427,1437,588,0.814
17.7,531,96,car,646,368,772,448,0.596
17.7,531,132,car,1439,673,1542,720,0.438
17.733,532,119,car,1076,426,1452,589,0.807
17.733,532,96,car,646,367,775,449,0.638
17.733,532,132,car,1438,674,1541,720,0.46
17.767,533,119,car,1090,426,1479,593,0.792
17.767,533,96,car,648,367,775,448,0.741
17.767,533,132,car,1438,674,1541,720,0.481
17.8,534,119,car,1104,428,1490,593,0.764
17.8,534,96,car,653,369,777,448,0.607
17.8,534,132,car,1439,674,1540,720,0.503
17.833,535,119,car,1115,429,1500,593,0.806
17.833,535,96,car,655,369,779,448,0.543
17.833,535,132,car,1437,673,1541,720,0.486
17.867,536,119,car,1129,429,1518,595,0.799
17.867,536,96,car,658,368,781,447,0.683
17.867,536,130,car,488,368,607,438,0.474
17.9,537,119,car,1145,431,1534,595,0.792
17.9,537,96,car,664,371,782,447,0.713
17.933,538,119,car,1156,433,1546,598,0.8
17.933,538,96,car,669,373,784,446,0.718
17.933,538,133,car,15,414,359,559,0.595
17.967,539,119,car,1167,435,1546,597,0.798
17.967,539,96,car,671,374,786,446,0.729
17.967,539,133,car,21,413,357,555,0.638
18.0,540,119,car,1178,437,1546,597,0.826
18.0,540,96,car,676,375,787,445,0.674
18.0,540,133,car,21,413,362,556,0.56
18.0,540,130,car,471,367,590,438,0.518
18.033,541,119,car,1186,437,1546,598,0.832
18.033,541,96,car,679,375,789,444,0.622
18.033,541,133,car,14,410,349,551,0.55
18.067,542,119,car,1199,437,1546,594,0.826
18.067,542,96,car,681,376,791,445,0.562
18.067,542,133,car,13,409,352,551,0.483
18.1,543,119,car,1213,437,1546,592,0.813
18.1,543,96,car,684,378,793,446,0.456
18.1,543,134,car,0,398,510,716,0.592
18.133,544,119,car,1218,433,1546,591,0.791
18.133,544,96,car,688,377,797,445,0.498
18.133,544,134,car,21,397,537,717,0.579
18.167,545,119,car,1233,435,1546,592,0.796
18.167,545,96,car,690,377,800,445,0.571
18.167,545,134,car,6,397,519,715,0.631
18.2,546,119,car,1244,439,1546,594,0.811
18.2,546,96,car,693,377,802,445,0.544
18.2,546,134,car,1,396,512,714,0.553
18.2,546,133,car,57,402,389,545,0.432
18.233,547,119,car,1254,441,1546,598,0.789
18.233,547,134,car,36,398,540,715,0.407
18.233,547,133,car,98,402,427,543,0.498
18.267,548,119,car,1267,444,1546,598,0.78
18.267,548,133,car,114,401,448,544,0.544
18.3,549,119,car,1276,440,1546,598,0.809
18.3,549,133,car,125,399,464,544,0.498
18.333,550,119,car,1293,440,1546,600,0.775
18.333,550,133,car,119,397,486,557,0.44
18.333,550,134,car,60,392,557,713,0.506
18.367,551,119,car,1311,442,1546,600,0.827
18.367,551,133,car,114,396,507,571,0.44
18.4,552,119,car,1328,443,1546,600,0.805
18.4,552,96,car,706,377,815,446,0.432
18.4,552,134,car,58,399,532,711,0.599
18.433,553,119,car,1339,443,1546,601,0.704
18.433,553,96,car,708,377,816,445,0.508
18.467,554,119,car,1359,446,1546,602,0.773
18.467,554,96,car,710,378,816,445,0.495
18.467,554,134,car,31,417,476,708,0.421
18.5,555,119,car,1373,446,1546,603,0.727
18.5,555,96,car,713,378,817,444,0.519
18.533,556,119,car,1391,447,1546,599,0.715
18.533,556,96,car,715,378,819,444,0.494
18.6,558,137,car,1473,449,1542,578,0.619
18.633,559,137,car,1485,449,1546,574,0.59
18.633,559,134,car,0,402,350,698,0.499
18.667,560,141,car,287,401,535,511,0.497
18.667,560,134,car,0,410,330,705,0.43
18.7,561,141,car,290,402,534,510,0.632
18.733,562,141,car,302,403,537,507,0.561
18.733,562,142,car,1499,450,1542,523,0.465
18.767,563,141,car,302,401,541,507,0.576
18.767,563,142,car,1498,450,1541,523,0.489
18.8,564,141,car,341,404,565,503,0.429
18.8,564,142,car,1496,450,1540,524,0.493
18.833,565,142,car,1496,451,1539,524,0.527
18.867,566,142,car,1495,451,1539,524,0.518
18.867,566,141,car,339,403,566,503,0.451
18.9,567,142,car,1493,450,1539,525,0.452
18.9,567,141,car,342,403,570,504,0.405
18.933,568,142,car,1492,450,1538,525,0.424
18.967,569,142,car,1491,450,1538,525,0.405
18.967,569,141,car,351,402,582,504,0.518
19.0,570,142,car,1492,450,1540,525,0.413
19.0,570,141,car,352,394,598,503,0.617
19.0,570,133,car,279,390,676,586,0.5
19.033,571,142,car,1494,450,1542,525,0.445
19.033,571,141,car,358,391,607,502,0.71
19.033,571,133,car,295,389,672,590,0.526
19.067,572,142,car,1494,450,1543,526,0.478
19.067,572,141,car,361,390,621,508,0.672
19.067,572,133,car,284,389,697,630,0.529
19.067,572,143,car,162,482,360,715,0.417
19.1,573,142,car,1493,450,1543,527,0.541
19.1,573,141,car,371,390,623,504,0.476
19.1,573,96,car,746,378,852,447,0.418
19.133,574,142,car,1492,450,1543,528,0.592
19.133,574,141,car,383,394,625,504,0.611
19.167,575,142,car,1492,451,1543,528,0.628
19.2,576,142,car,1492,452,1543,528,0.649
19.233,577,142,car,1492,452,1543,528,0.625
19.233,577,145,car,5,372,81,543,0.589
19.267,578,142,car,1492,453,1543,528,0.565
19.3,579,142,car,1492,453,1543,528,0.526
19.3,579,145,car,21,384,91,538,0.677
19.333,580,142,car,1489,452,1541,528,0.5
19.333,580,147,car,348,371,470,452,0.429
19.333,580,148,car,1456,453,1542,527,0.485
19.333,580,145,car,26,371,102,537,0.626
19.367,581,148,car,1454,452,1542,527,0.575
19.367,581,145,car,29,371,109,538,0.424
19.4,582,142,car,1484,449,1539,527,0.629
19.433,583,141,car,450,385,673,489,0.557
19.433,583,147,car,343,371,468,454,0.555
19.433,583,148,car,1453,449,1544,527,0.604
19.467,584,147,car,338,370,464,454,0.598
19.467,584,148,car,1453,449,1544,527,0.606
19.5,585,147,car,337,372,465,456,0.428
19.5,585,148,car,1454,449,1544,527,0.612
19.5,585,141,car,470,383,681,484,0.56
19.533,586,148,car,1454,449,1543,526,0.605
19.533,586,141,car,478,381,686,483,0.699
19.567,587,148,car,1454,449,1543,526,0.617
19.567,587,141,car,487,381,689,481,0.739
19.6,588,148,car,1460,448,1546,525,0.62
19.6,588,141,car,496,382,690,480,0.733
19.6,588,149,car,1326,415,1410,501,0.527
19.6,588,147,car,320,372,450,456,0.59
19.633,589,148,car,1457,448,1546,526,0.567
19.633,589,141,car,503,384,691,480,0.711
19.633,589,149,car,1323,415,1407,502,0.435
19.633,589,147,car,313,370,448,456,0.609
19.667,590,148,car,1456,449,1544,526,0.503
19.667,590,141,car,508,384,695,480,0.727
19.667,590,147,car,309,371,445,457,0.475
19.7,591,148,car,1456,450,1543,525,0.559
19.7,591,141,car,519,386,698,478,0.692
19.7,591,147,car,304,370,442,457,0.483
19.733,592,148,car,1458,451,1542,525,0.517
19.733,592,141,car,526,386,702,477,0.742
19.733,592,147,car,297,371,435,456,0.61
19.767,593,148,car,1461,452,1543,524,0.486
19.767,593,141,car,532,386,705,476,0.729
19.767,593,147,car,290,369,434,457,0.589
19.8,594,141,car,538,385,708,475,0.698
19.8,594,147,car,288,372,430,457,0.42
19.833,595,141,car,542,385,711,474,0.625
19.867,596,141,car,550,384,714,472,0.674
19.867,596,147,car,276,373,417,458,0.56
19.9,597,141,car,560,386,717,470,0.571
19.9,597,147,car,270,370,418,459,0.479
19.933,598,141,car,567,387,721,470,0.439
19.967,599,141,car,572,388,723,469,0.451
19.967,599,154,car,466,369,571,445,0.68
19.967,599,155,car,637,399,720,472,0.509
20.0,600,141,car,579,390,725,468,0.401
20.0,600,154,car,469,370,571,444,0.69
20.0,600,155,car,639,399,721,471,0.547
20.0,600,147,car,265,369,414,458,0.421
20.033,601,141,car,588,391,735,471,0.628
20.033,601,154,car,469,369,573,444,0.516
20.033,601,155,car,639,395,726,471,0.537
20.067,602,141,car,599,392,743,471,0.633
20.067,602,154,car,466,367,573,443,0.499
20.067,602,157,car,0,449,167,707,0.479
20.067,602,96,car,781,385,906,474,0.429
20.1,603,154,car,463,368,569,443,0.461
20.1,603,157,car,0,442,164,698,0.587
20.1,603,147,car,278,372,413,456,0.509
20.1,603,155,car,644,395,729,470,0.556
20.133,604,154,car,462,369,568,443,0.561
20.133,604,157,car,0,443,158,688,0.589
20.133,604,155,car,646,396,730,469,0.477
20.167,605,154,car,459,371,564,443,0.483
20.167,605,157,car,0,442,158,698,0.685
20.167,605,155,car,647,395,732,469,0.474
20.2,606,154,car,457,372,562,443,0.407
20.2,606,157,car,0,443,161,712,0.516
20.2,606,159,car,0,279,394,509,0.546
20.233,607,157,car,0,438,162,718,0.605
20.233,607,159,car,1,281,389,507,0.402
20.233,607,160,car,0,443,146,608,0.609
20.267,608,157,car,0,443,158,720,0.576
20.3,609,157,car,0,445,155,714,0.578
20.3,609,154,car,445,369,554,442,0.534
20.333,610,157,car,0,444,157,715,0.576
20.333,610,154,car,439,370,552,443,0.649
20.367,611,154,car,434,370,550,444,0.726
20.4,612,154,car,429,370,550,446,0.671
20.4,612,155,car,651,392,740,467,0.414
20.4,612,160,car,0,450,157,641,0.445
20.4,612,157,car,0,453,157,716,0.542
20.433,613,154,car,425,370,549,447,0.447
20.433,613,161,car,163,472,461,714,0.443
20.433,613,155,car,649,391,738,466,0.455
20.433,613,160,car,0,454,151,626,0.607
20.433,613,157,car,5,456,167,714,0.615
20.467,614,155,car,647,391,738,465,0.517
20.533,616,154,car,393,370,528,451,0.529
20.567,617,154,car,391,370,529,450,0.609
20.6,618,154,car,393,370,532,449,0.64
20.6,618,155,car,668,390,757,462,0.458
20.633,619,154,car,378,368,544,465,0.63
20.667,620,154,car,380,370,547,468,0.617
20.7,621,154,car,381,369,550,470,0.548
20.7,621,155,car,683,384,782,463,0.496
20.733,622,154,car,386,370,549,470,0.45
20.767,623,154,car,390,372,551,473,0.551
20.867,626,161,car,58,479,356,717,0.499
20.9,627,161,car,54,476,360,716,0.449
20.933,628,161,car,56,478,362,716,0.439
20.967,629,161,car,48,481,356,718,0.42
20.967,629,162,car,492,373,727,512,0.482
21.0,630,161,car,87,480,388,719,0.427
21.033,631,161,car,80,488,372,719,0.431
21.067,632,161,car,75,486,367,719,0.557
21.067,632,162,car,488,377,755,537,0.413
21.1,633,161,car,68,473,374,719,0.717
21.133,634,161,car,64,462,378,718,0.658
21.167,635,161,car,66,456,384,719,0.684
21.2,636,161,car,69,448,390,719,0.612
21.233,637,162,car,491,378,770,548,0.42
21.267,638,162,car,479,378,789,573,0.527
21.267,638,161,car,91,450,400,714,0.688
21.3,639,162,car,498,379,781,560,0.427
21.3,639,161,car,100,448,407,717,0.648
21.333,640,161,car,104,442,414,718,0.707
21.367,641,161,car,111,437,419,718,0.663
21.4,642,161,car,116,433,425,718,0.494
21.6,648,165,car,0,372,102,482,0.593
21.633,649,165,car,0,375,96,481,0.553
21.667,650,165,car,0,373,92,484,0.594
21.7,651,165,car,0,370,88,484,0.6
21.733,652,165,car,0,367,82,485,0.566
22.0,660,168,car,938,384,1037,483,0.585
22.067,662,170,car,210,360,305,454,0.724
22.067,662,168,car,944,386,1040,483,0.418
22.1,663,170,car,206,360,304,456,0.771
22.1,663,168,car,948,388,1043,483,0.489
22.133,664,170,car,203,358,303,456,0.753
22.133,664,168,car,946,388,1041,482,0.477
22.167,665,170,car,203,356,308,456,0.74
22.2,666,170,car,203,356,312,457,0.726
22.233,667,170,car,200,355,314,458,0.738
22.267,668,170,car,202,357,320,458,0.728
22.267,668,168,car,949,385,1046,480,0.412
22.3,669,170,car,196,356,320,457,0.708
22.333,670,170,car,187,352,322,459,0.696
22.367,671,170,car,176,354,314,458,0.771
22.367,671,174,car,30,459,374,685,0.488
22.4,672,170,car,165,353,310,458,0.747
22.433,673,170,car,156,355,306,458,0.751
22.467,674,170,car,147,353,304,459,0.752
22.5,675,170,car,137,353,301,459,0.77
22.533,676,170,car,126,351,297,459,0.774
22.567,677,170,car,117,350,296,460,0.778
22.6,678,170,car,108,352,290,460,0.791
22.633,679,170,car,101,352,288,461,0.775
22.667,680,170,car,91,353,281,460,0.738
22.7,681,170,car,80,353,274,461,0.765
22.733,682,170,car,67,352,272,463,0.799
22.767,683,170,car,56,351,269,464,0.793
22.8,684,170,car,50,353,264,465,0.781
22.833,685,170,car,39,353,257,465,0.771
22.867,686,170,car,31,353,254,466,0.793
22.9,687,170,car,19,352,249,467,0.8
22.933,688,170,car,12,352,245,468,0.789
22.967,689,170,car,9,354,239,467,0.767
23.0,690,170,car,6,355,234,466,0.773
23.0,690,182,car,380,354,490,439,0.529
23.033,691,170,car,1,356,229,467,0.78
23.033,691,182,car,380,354,492,441,0.438
23.033,691,183,car,1091,417,1156,490,0.412
23.067,692,170,car,0,356,226,466,0.789
23.067,692,182,car,380,355,491,442,0.63
23.1,693,170,car,0,356,223,467,0.804
23.1,693,182,car,377,355,492,444,0.624
23.133,694,170,car,0,355,221,467,0.798
23.133,694,182,car,374,355,493,446,0.625
23.167,695,170,car,0,354,219,469,0.794
23.167,695,182,car,372,356,492,446,0.642
23.167,695,184,car,498,529,587,631,0.416
23.167,695,183,car,1091,417,1158,492,0.472
23.2,696,170,car,0,355,211,468,0.794
23.2,696,182,car,368,356,489,445,0.639
23.2,696,184,car,494,537,577,632,0.413
23.2,696,183,car,1091,417,1158,492,0.48
23.233,697,170,car,0,356,206,468,0.789
23.233,697,182,car,364,358,483,444,0.623
23.267,698,170,car,0,355,201,468,0.782
23.267,698,182,car,359,358,480,445,0.593
23.3,699,170,car,0,355,196,468,0.772
23.3,699,182,car,355,359,477,445,0.588
23.333,700,170,car,0,355,189,466,0.75
23.333,700,182,car,351,359,474,445,0.651
23.367,701,170,car,0,355,182,465,0.706
23.367,701,182,car,348,360,471,444,0.649
23.4,702,170,car,0,354,175,465,0.711
23.4,702,182,car,344,361,468,444,0.662
23.433,703,170,car,0,355,171,468,0.788
23.433,703,182,car,337,360,463,444,0.67
23.467,704,170,car,0,355,164,468,0.78
23.467,704,182,car,329,357,462,444,0.661
23.5,705,170,car,0,357,156,468,0.776
23.5,705,182,car,325,358,458,444,0.624
23.533,706,170,car,0,357,144,463,0.785
23.533,706,182,car,321,359,456,445,0.609
23.567,707,170,car,0,356,135,457,0.625
23.567,707,182,car,316,358,454,445,0.637
23.6,708,170,car,0,358,124,451,0.516
23.6,708,182,car,312,361,447,445,0.546
23.633,709,182,car,307,362,444,446,0.605
23.667,710,182,car,304,363,441,445,0.609
23.667,710,186,car,2,343,106,700,0.62
23.7,711,182,car,293,355,443,445,0.63
23.7,711,186,car,4,342,109,699,0.631
23.733,712,182,car,289,358,436,445,0.661
23.733,712,186,car,6,327,115,694,0.588
23.733,712,188,car,503,335,582,433,0.514
23.767,713,182,car,278,355,433,446,0.649
23.767,713,186,car,25,326,107,595,0.646
23.767,713,188,car,501,333,583,434,0.56
23.8,714,182,car,267,348,436,447,0.675
23.8,714,186,car,35,327,108,555,0.671
23.8,714,188,car,499,333,580,434,0.589
23.833,715,182,car,260,346,433,448,0.611
23.833,715,186,car,40,325,110,529,0.699
23.833,715,188,car,496,336,576,434,0.576
23.867,716,182,car,253,342,432,448,0.626
23.867,716,186,car,43,324,116,523,0.751
23.867,716,188,car,494,339,572,433,0.582
23.9,717,182,car,245,339,428,449,0.621
23.9,717,186,car,44,323,124,525,0.732
23.9,717,188,car,491,337,571,433,0.54
23.933,718,182,car,229,324,434,449,0.637
23.933,718,186,car,44,323,131,529,0.687
23.967,719,182,car,222,320,432,450,0.603
23.967,719,186,car,44,323,139,530,0.74
24.0,720,182,car,219,319,426,450,0.701
24.0,720,186,car,44,321,145,525,0.787
24.0,720,188,car,482,335,565,433,0.563
24.033,721,182,car,215,317,420,449,0.71
24.033,721,186,car,45,321,151,522,0.708
24.033,721,188,car,482,342,561,433,0.561
24.067,722,182,car,212,318,413,449,0.635
24.067,722,186,car,44,321,160,526,0.65
24.067,722,188,car,480,341,560,433,0.569
24.1,723,182,car,210,322,405,449,0.659
24.1,723,186,car,44,322,166,522,0.711
24.1,723,188,car,475,338,558,433,0.618
24.133,724,182,car,217,341,386,450,0.608
24.133,724,186,car,45,322,176,524,0.772
24.133,724,188,car,470,331,558,430,0.616
24.167,725,182,car,231,354,378,448,0.453
24.167,725,186,car,45,321,183,520,0.768
24.167,725,188,car,467,329,558,430,0.653
24.2,726,186,car,46,321,191,518,0.719
24.2,726,188,car,464,327,558,430,0.682
24.233,727,186,car,45,320,198,515,0.762
24.233,727,188,car,463,328,559,431,0.611
24.233,727,182,car,232,363,369,449,0.64
24.267,728,186,car,44,319,205,515,0.762
24.267,728,182,car,227,364,364,449,0.577
24.3,729,186,car,45,319,213,512,0.746
24.3,729,182,car,219,364,358,450,0.55
24.333,730,186,car,44,318,221,511,0.693
24.333,730,182,car,222,364,357,448,0.604
24.367,731,186,car,44,318,229,510,0.738
24.367,731,182,car,223,363,358,447,0.596
24.4,732,186,car,43,319,237,511,0.72
24.4,732,182,car,225,364,357,448,0.632
24.433,733,186,car,43,319,242,508,0.735
24.433,733,182,car,221,362,358,451,0.613
24.467,734,186,car,41,319,248,508,0.695
24.467,734,182,car,217,359,355,450,0.558
24.5,735,186,car,38,318,259,514,0.706
24.5,735,182,car,211,349,357,449,0.487
24.533,736,186,car,36,317,269,516,0.697
