timestamp_s,frame,class,x1,y1,x2,y2,confidence
0.0,0,person,966,506,1070,716,0.533
0.033,1,person,963,506,1073,718,0.602
0.067,2,person,964,504,1072,717,0.531
0.1,3,person,961,502,1077,717,0.634
0.1,3,person,366,495,472,710,0.406
0.133,4,person,959,504,1078,717,0.567
0.167,5,car,562,380,891,500,0.622
0.167,5,person,960,504,1075,718,0.517
0.2,6,person,960,506,1075,718,0.486
0.233,7,person,963,505,1076,716,0.512
0.233,7,car,561,385,911,499,0.417
0.267,8,person,964,508,1076,717,0.459
0.3,9,person,960,514,1076,720,0.421
0.333,10,car,618,386,939,505,0.581
0.367,11,car,617,387,959,510,0.811
0.4,12,car,623,386,973,512,0.8
0.4,12,person,957,512,1076,720,0.403
0.433,13,car,629,382,984,512,0.823
0.467,14,car,632,385,1003,517,0.825
0.5,15,car,665,384,1010,522,0.793
0.533,16,car,661,382,1035,534,0.84
0.533,16,person,1211,550,1337,713,0.413
0.567,17,car,640,378,1057,533,0.867
0.6,18,car,672,381,1069,532,0.867
0.6,18,person,1208,544,1338,713,0.431
0.633,19,car,660,385,1074,524,0.813
0.633,19,person,153,472,248,708,0.475
0.667,20,car,688,387,1105,530,0.896
0.667,20,person,162,487,247,703,0.498
0.7,21,car,652,384,1105,525,0.779
0.7,21,person,159,476,251,709,0.559
0.733,22,car,711,386,1139,536,0.752
0.733,22,person,160,480,256,710,0.624
0.767,23,car,743,390,1156,537,0.848
0.767,23,person,161,480,256,711,0.607
0.8,24,car,740,384,1153,532,0.921
0.8,24,person,159,480,261,711,0.595
0.833,25,car,758,386,1173,527,0.945
0.833,25,person,166,476,258,711,0.587
0.867,26,car,739,381,1190,532,0.914
0.867,26,person,164,470,264,714,0.633
0.867,26,person,832,471,922,668,0.407
0.9,27,car,754,385,1197,536,0.957
0.9,27,person,163,475,267,713,0.553
0.9,27,person,643,509,813,716,0.423
0.9,27,person,839,471,920,666,0.402
0.933,28,car,755,392,1233,537,0.877
0.933,28,person,164,483,266,713,0.501
0.967,29,car,812,392,1248,533,0.905
0.967,29,person,164,482,267,714,0.565
0.967,29,person,848,471,926,664,0.43
1.0,30,car,840,391,1263,540,0.92
1.0,30,person,162,481,268,716,0.517
1.0,30,person,848,464,936,670,0.45
1.033,31,car,855,393,1279,540,0.929
1.033,31,person,158,481,267,719,0.501
1.067,32,car,874,396,1282,541,0.95
1.067,32,person,159,484,267,719,0.488
1.1,33,car,871,390,1309,544,0.967
1.1,33,person,158,485,270,720,0.581
1.1,33,person,849,450,937,669,0.431
1.1,33,person,1317,552,1439,714,0.409
1.133,34,car,879,389,1325,544,0.978
1.133,34,person,153,488,270,720,0.504
1.133,34,person,1316,553,1438,714,0.406
1.167,35,car,895,391,1340,543,0.968
1.167,35,person,1306,555,1442,716,0.5
1.167,35,person,868,463,938,668,0.435
1.2,36,car,916,390,1354,547,0.974
1.2,36,person,1303,555,1435,715,0.48
1.2,36,person,870,454,940,673,0.434
1.2,36,person,577,542,750,711,0.41
1.233,37,car,931,385,1376,547,0.968
1.233,37,person,1291,547,1436,719,0.469
1.233,37,person,867,444,937,670,0.447
1.267,38,car,936,388,1398,548,0.96
1.267,38,person,878,442,935,633,0.468
1.267,38,person,1292,544,1440,720,0.433
1.3,39,car,955,390,1419,550,0.953
1.3,39,person,863,433,924,635,0.447
1.333,40,car,966,390,1433,549,0.967
1.333,40,person,872,448,934,631,0.443
1.367,41,car,997,391,1450,551,0.982
1.367,41,person,870,446,934,630,0.501
1.4,42,car,1015,391,1474,550,0.966
1.4,42,person,880,452,941,621,0.526
1.433,43,car,1023,389,1489,551,0.953
1.433,43,person,887,452,943,617,0.477
1.467,44,car,1041,391,1503,551,0.932
1.467,44,person,887,443,946,613,0.516
1.5,45,car,1064,393,1516,553,0.869
1.5,45,person,890,445,948,608,0.479
1.533,46,car,1070,394,1534,552,0.969
1.533,46,person,890,457,944,600,0.409
1.567,47,car,1081,394,1539,555,0.948
1.6,48,car,1090,392,1546,561,0.969
1.633,49,car,1106,392,1535,564,0.959
1.667,50,car,1141,394,1546,563,0.966
1.7,51,car,1156,394,1546,567,0.973
1.7,51,person,894,453,948,603,0.411
1.733,52,car,1157,395,1546,558,0.966
1.733,52,person,511,483,684,715,0.533
1.733,52,person,891,446,947,601,0.446
1.733,52,person,762,455,811,594,0.412
1.767,53,car,1171,396,1546,556,0.939
1.767,53,person,514,479,693,714,0.567
1.767,53,person,298,459,373,632,0.55
1.767,53,person,769,457,815,594,0.471
1.767,53,person,890,449,942,599,0.441
1.8,54,car,1191,398,1546,551,0.849
1.8,54,person,512,476,693,718,0.681
1.8,54,person,770,453,816,597,0.529
1.8,54,person,891,453,944,599,0.47
1.8,54,person,749,445,801,592,0.403
1.833,55,person,511,476,689,716,0.727
1.833,55,car,1214,397,1546,549,0.693
1.833,55,person,299,467,375,632,0.531
1.833,55,person,1290,510,1419,720,0.467
1.833,55,person,773,452,821,590,0.455
1.833,55,truck,1214,397,1546,543,0.426
1.867,56,person,510,487,683,711,0.627
1.867,56,person,1290,506,1417,720,0.603
1.867,56,person,775,453,825,593,0.475
1.867,56,truck,1227,396,1543,537,0.47
1.867,56,person,305,461,379,627,0.466
1.867,56,car,1229,396,1546,547,0.461
1.9,57,person,511,490,672,711,0.671
1.9,57,car,1244,408,1545,549,0.663
1.9,57,person,1292,503,1415,718,0.555
1.9,57,person,774,449,825,596,0.514
1.9,57,person,754,445,805,592,0.423
1.9,57,person,890,457,941,592,0.413
1.933,58,car,1276,409,1545,550,0.754
1.933,58,person,503,489,674,708,0.691
1.933,58,person,771,450,821,601,0.513
1.933,58,person,312,468,383,629,0.435
1.967,59,person,499,478,674,711,0.786
1.967,59,car,1285,407,1545,553,0.594
1.967,59,person,769,446,823,608,0.475
1.967,59,person,1290,513,1416,719,0.448
1.967,59,person,318,467,384,626,0.435
2.0,60,person,499,478,669,710,0.769
2.0,60,car,1303,402,1546,555,0.685
2.0,60,person,772,452,824,614,0.545
2.0,60,person,319,468,386,625,0.466
2.033,61,person,498,471,671,711,0.845
2.033,61,person,772,448,825,618,0.575
2.033,61,car,1317,397,1546,554,0.54
2.033,61,truck,1316,401,1546,555,0.488
2.033,61,person,320,462,387,626,0.47
2.033,61,person,193,501,330,717,0.423
2.067,62,person,498,474,674,709,0.78
2.067,62,car,1337,400,1546,554,0.67
2.067,62,person,767,444,828,618,0.561
2.1,63,person,501,474,668,706,0.741
2.1,63,person,766,444,827,617,0.563
2.1,63,person,198,503,341,718,0.492
2.133,64,person,767,442,832,615,0.55
2.133,64,person,517,491,664,705,0.461
2.133,64,person,326,463,395,625,0.459
2.167,65,person,778,453,834,605,0.53
2.167,65,person,333,473,399,630,0.459
2.2,66,person,775,457,831,602,0.472
2.2,66,person,333,468,401,631,0.455
2.233,67,person,783,457,839,596,0.478
2.233,67,person,338,479,404,630,0.402
2.267,68,person,780,456,836,597,0.484
2.3,69,person,782,450,845,605,0.532
2.333,70,person,776,451,834,608,0.629
2.367,71,person,782,447,844,611,0.531
2.367,71,person,372,465,442,622,0.454
2.4,72,person,372,460,442,623,0.568
2.4,72,person,784,447,846,604,0.442
2.433,73,person,370,459,440,620,0.432
2.433,73,person,785,444,843,600,0.407
2.467,74,person,376,455,443,619,0.437
2.467,74,person,782,448,840,604,0.422
2.5,75,person,703,450,756,605,0.468
2.5,75,person,778,438,837,599,0.422
2.5,75,person,370,451,441,621,0.416
2.533,76,person,372,451,444,615,0.457
2.533,76,person,706,458,763,605,0.423
2.533,76,person,777,449,837,603,0.414
2.567,77,person,780,441,841,603,0.459
2.567,77,person,702,458,755,600,0.453
2.567,77,person,374,450,445,615,0.43
2.6,78,person,783,443,840,600,0.406
2.633,79,person,790,446,847,599,0.434
2.667,80,person,718,458,773,598,0.454
2.667,80,person,777,451,831,597,0.426
2.733,82,person,267,490,413,709,0.505
2.733,82,person,714,455,768,600,0.462
2.733,82,person,781,451,833,590,0.422
2.767,83,person,721,463,779,596,0.447
2.8,84,person,276,485,417,713,0.565
2.833,85,person,717,454,776,591,0.428
2.867,86,person,727,457,787,598,0.558
3.033,91,person,731,460,793,591,0.465
3.067,92,person,732,453,792,585,0.408
3.133,94,person,736,446,798,588,0.427
3.167,95,person,735,450,800,602,0.506
3.2,96,person,741,445,803,597,0.452
3.333,100,person,772,446,826,587,0.418
3.333,100,person,1189,478,1257,611,0.403
3.367,101,person,768,452,824,598,0.511
3.4,102,person,773,453,833,590,0.424
3.4,102,person,1169,547,1351,718,0.423
3.433,103,person,1169,562,1367,719,0.582
3.433,103,person,771,450,836,606,0.537
3.433,103,person,1462,457,1522,635,0.404
3.467,104,person,1176,562,1369,719,0.505
3.467,104,person,767,456,824,604,0.501
3.467,104,person,1460,459,1524,636,0.41
3.5,105,person,769,448,828,599,0.499
3.5,105,person,1183,559,1365,719,0.441
3.5,105,person,0,528,117,720,0.414
3.5,105,person,1462,467,1524,636,0.408
3.533,106,person,772,453,831,600,0.567
3.533,106,person,1186,563,1369,719,0.479
3.533,106,person,1464,475,1527,639,0.441
3.567,107,person,779,449,840,598,0.598
3.567,107,person,1191,568,1372,720,0.419
3.6,108,person,784,447,842,598,0.611
3.633,109,person,786,448,855,596,0.591
3.667,110,person,786,428,858,600,0.558
3.7,111,person,785,431,854,596,0.541
3.733,112,person,782,425,849,597,0.516
3.767,113,person,780,428,847,596,0.482
3.767,113,person,1471,473,1537,634,0.428
3.8,114,person,788,428,858,597,0.553
3.8,114,person,1470,464,1533,634,0.487
3.833,115,person,791,433,861,590,0.518
3.833,115,person,1474,462,1535,633,0.464
3.867,116,person,1234,557,1421,718,0.648
3.867,116,person,1479,461,1535,632,0.434
3.867,116,person,793,433,863,585,0.416
3.9,117,person,1235,550,1421,718,0.822
3.933,118,person,1234,554,1423,718,0.701
3.933,118,person,1481,473,1535,632,0.407
3.967,119,person,1236,550,1424,717,0.563
4.0,120,person,1236,549,1432,718,0.639
4.033,121,person,1237,542,1436,717,0.785
4.067,122,person,1236,540,1434,717,0.818
4.1,123,person,1236,538,1435,716,0.847
4.133,124,person,1235,541,1438,718,0.866
4.133,124,person,141,531,261,720,0.43
4.167,125,person,1239,545,1439,718,0.87
4.2,126,person,1242,546,1444,718,0.851
4.2,126,person,148,530,284,720,0.41
4.233,127,person,1244,550,1445,718,0.8
4.267,128,person,1251,552,1453,719,0.765
4.3,129,person,1253,550,1456,718,0.778
4.333,130,person,1255,545,1461,717,0.821
4.367,131,person,1261,540,1466,719,0.849
4.367,131,person,1185,481,1241,605,0.483
4.367,131,person,181,544,306,719,0.441
4.367,131,person,363,525,493,720,0.401
4.4,132,person,1268,540,1468,720,0.884
4.4,132,person,1178,482,1233,611,0.487
4.4,132,person,2,501,121,716,0.48
4.4,132,person,187,543,310,719,0.423
4.433,133,person,1270,537,1470,720,0.843
4.433,133,person,1183,478,1238,612,0.535
4.433,133,person,2,500,122,715,0.53
4.433,133,person,200,542,317,717,0.49
4.467,134,person,1274,543,1471,720,0.752
4.467,134,person,2,498,126,715,0.561
4.467,134,person,1180,471,1236,613,0.468
4.467,134,person,212,542,322,717,0.454
4.5,135,person,1277,535,1484,720,0.785
4.5,135,person,2,494,132,714,0.632
4.5,135,person,1176,469,1231,615,0.518
4.533,136,person,1282,534,1520,720,0.771
4.533,136,person,6,492,135,715,0.561
4.533,136,person,1175,458,1230,601,0.446
4.533,136,person,378,519,489,720,0.403
4.567,137,person,1280,525,1526,720,0.815
4.567,137,person,4,494,151,719,0.5
4.567,137,person,239,541,350,715,0.488
4.567,137,person,1176,457,1230,603,0.43
4.567,137,person,379,524,491,720,0.417
4.6,138,person,1288,524,1484,720,0.754
4.6,138,person,6,492,154,719,0.706
4.6,138,person,242,539,357,717,0.507
4.6,138,person,1176,466,1233,615,0.499
4.6,138,person,380,525,491,720,0.403
4.633,139,person,10,495,168,718,0.908
4.633,139,person,1291,529,1479,720,0.716
4.633,139,person,241,538,363,719,0.577
4.633,139,person,1174,462,1233,609,0.538
4.633,139,person,374,525,494,720,0.517
4.667,140,person,11,496,170,715,0.912
4.667,140,person,1289,531,1467,720,0.653
4.667,140,person,1171,462,1233,611,0.52
4.667,140,person,703,465,791,667,0.438
4.667,140,person,256,544,365,715,0.405
4.7,141,person,20,502,185,715,0.926
4.7,141,person,1292,531,1465,720,0.611
4.7,141,person,1171,445,1233,615,0.56
4.733,142,person,25,500,186,715,0.935
4.733,142,person,1293,533,1466,720,0.592
4.733,142,person,1172,461,1233,611,0.478
4.767,143,person,13,494,191,717,0.946
4.767,143,person,1291,532,1464,719,0.656
4.767,143,person,1174,458,1240,607,0.446
4.8,144,person,33,495,199,717,0.897
4.8,144,person,1288,534,1463,719,0.711
4.8,144,person,1175,443,1239,603,0.496
4.833,145,person,15,490,205,719,0.94
4.833,145,person,1292,537,1463,720,0.526
4.833,145,person,1178,450,1240,602,0.493
4.867,146,person,52,493,207,714,0.803
4.867,146,person,1295,539,1461,720,0.593
4.867,146,person,1178,447,1241,598,0.508
4.9,147,person,70,493,211,717,0.752
4.9,147,person,1294,537,1459,720,0.629
4.9,147,person,1178,447,1238,597,0.476
4.9,147,person,726,448,801,637,0.431
4.933,148,person,73,493,219,716,0.618
4.933,148,person,1297,535,1454,720,0.601
4.933,148,person,1174,461,1234,593,0.419
4.967,149,person,1291,538,1453,720,0.589
4.967,149,person,89,485,227,714,0.516
4.967,149,person,1177,468,1233,591,0.41
5.0,150,person,1279,524,1446,720,0.781
5.0,150,person,91,485,229,714,0.619
5.0,150,person,736,442,813,629,0.411
5.0,150,person,1172,464,1229,594,0.407
5.033,151,person,1276,518,1447,720,0.85
5.033,151,person,102,485,244,717,0.761
5.033,151,person,742,440,815,628,0.404
5.067,152,person,1279,516,1442,720,0.843
5.067,152,person,105,493,249,719,0.792
5.1,153,person,123,497,258,717,0.869
5.1,153,person,1280,517,1442,720,0.842
5.133,154,person,1272,522,1441,720,0.867
5.133,154,person,124,494,265,713,0.814
5.167,155,person,143,491,269,715,0.79
5.167,155,person,1278,518,1440,720,0.775
5.167,155,bus,0,275,243,640,0.425
5.167,155,person,757,428,831,597,0.402
5.2,156,person,1275,514,1434,720,0.81
5.2,156,bus,0,280,255,625,0.723
5.2,156,person,144,488,274,715,0.644
5.2,156,person,755,431,832,601,0.421
5.233,157,person,1278,513,1436,720,0.813
5.233,157,bus,0,276,271,630,0.738
5.233,157,person,151,487,283,717,0.61
5.233,157,person,761,425,831,601,0.443
5.267,158,person,1280,511,1434,720,0.758
5.267,158,bus,6,274,289,628,0.69
5.267,158,person,761,421,836,599,0.53
5.267,158,person,153,493,289,717,0.522
5.3,159,bus,1,272,293,636,0.767
5.3,159,person,1282,516,1429,720,0.737
5.3,159,person,760,426,836,605,0.561
5.3,159,person,161,480,296,716,0.515
5.333,160,bus,3,274,309,641,0.688
5.333,160,person,1285,519,1427,720,0.645
5.333,160,person,162,474,304,714,0.617
5.333,160,person,763,423,838,599,0.474
5.367,161,person,1281,515,1428,720,0.793
5.367,161,person,167,478,309,713,0.765
5.367,161,bus,0,272,312,636,0.754
5.367,161,person,762,428,839,603,0.532
5.367,161,person,411,540,549,720,0.412
5.4,162,person,1281,512,1425,720,0.862
5.4,162,person,177,478,309,713,0.726
5.4,162,bus,0,271,323,643,0.724
5.4,162,person,757,428,838,609,0.517
5.433,163,person,1283,513,1423,720,0.813
5.433,163,bus,0,277,339,638,0.813
5.433,163,person,190,493,321,713,0.656
5.433,163,person,758,423,841,619,0.61
5.433,163,person,422,543,552,720,0.415
5.467,164,bus,0,280,360,636,0.903
5.467,164,person,1283,512,1421,720,0.751
5.467,164,person,189,492,322,713,0.651
5.467,164,person,758,427,839,618,0.62
5.5,165,bus,0,279,370,639,0.93
5.5,165,person,1284,514,1419,720,0.696
5.5,165,person,765,427,841,616,0.649
5.5,165,person,198,497,326,712,0.441
5.5,165,person,423,541,558,720,0.415
5.533,166,bus,0,279,379,629,0.947
5.533,166,person,190,497,345,715,0.823
5.533,166,person,1284,514,1419,720,0.781
5.533,166,person,766,423,847,624,0.758
5.567,167,bus,0,280,389,632,0.922
5.567,167,person,200,493,352,717,0.835
5.567,167,person,1284,510,1421,720,0.825
5.567,167,person,769,424,847,623,0.762
5.567,167,person,427,534,565,720,0.408
5.6,168,bus,0,283,408,635,0.893
5.6,168,person,1285,504,1419,720,0.851
5.6,168,person,202,493,356,717,0.829
5.6,168,person,770,423,850,622,0.754
5.633,169,person,208,492,363,718,0.895
5.633,169,bus,0,285,419,643,0.826
5.633,169,person,1284,506,1417,720,0.818
5.633,169,person,774,426,856,627,0.807
5.667,170,person,205,490,370,719,0.878
5.667,170,person,1282,506,1416,720,0.867
5.667,170,person,773,421,857,627,0.861
5.667,170,bus,0,284,445,650,0.78
5.7,171,person,1275,501,1418,720,0.92
5.7,171,bus,0,285,452,650,0.807
5.7,171,person,216,488,368,718,0.803
5.7,171,person,775,428,850,620,0.763
5.733,172,person,1271,505,1418,720,0.917
5.733,172,bus,0,282,454,649,0.825
5.733,172,person,217,497,375,720,0.751
5.733,172,person,778,419,859,620,0.705
5.733,172,person,957,477,1028,606,0.416
5.767,173,bus,0,281,459,648,0.813
5.767,173,person,1272,512,1417,720,0.784
5.767,173,person,786,430,864,608,0.676
5.767,173,person,223,485,380,720,0.643
5.8,174,person,1273,508,1416,720,0.791
5.8,174,bus,0,282,466,647,0.747
5.8,174,person,788,429,866,615,0.702
5.8,174,person,260,484,386,713,0.594
5.833,175,bus,0,284,475,642,0.866
5.833,175,person,791,428,866,610,0.638
5.833,175,person,1272,512,1412,720,0.623
5.867,176,bus,2,288,473,636,0.828
5.867,176,person,1270,515,1415,720,0.737
5.867,176,person,792,431,859,603,0.671
5.867,176,person,281,490,405,711,0.573
5.9,177,bus,0,287,498,644,0.846
5.9,177,person,283,484,412,712,0.764
5.9,177,person,793,428,861,610,0.697
5.9,177,person,1263,528,1405,720,0.581
5.933,178,person,283,483,418,715,0.835
5.933,178,bus,0,293,511,637,0.825
5.933,178,person,1263,528,1407,719,0.616
5.933,178,person,794,432,856,596,0.576
5.967,179,bus,1,283,514,650,0.88
5.967,179,person,299,480,429,716,0.716
5.967,179,person,794,437,857,601,0.66
5.967,179,person,1261,531,1401,720,0.585
5.967,179,person,418,496,547,717,0.408
6.0,180,bus,0,281,525,647,0.947
6.0,180,person,290,483,442,719,0.806
6.0,180,person,793,440,852,606,0.679
6.0,180,person,1256,529,1400,718,0.574
6.0,180,person,1159,428,1218,568,0.402
6.033,181,bus,0,283,535,647,0.933
6.033,181,person,289,488,439,718,0.771
6.033,181,person,793,447,852,603,0.678
6.033,181,person,1253,525,1397,717,0.633
6.033,181,person,1159,431,1217,575,0.438
6.067,182,bus,0,286,553,644,0.942
6.067,182,person,298,479,455,718,0.722
6.067,182,person,795,448,854,596,0.638
6.1,183,bus,0,288,553,651,0.943
6.1,183,person,298,485,461,718,0.721
6.1,183,person,798,434,861,590,0.616
6.133,184,bus,0,287,555,659,0.956
6.133,184,person,302,500,459,716,0.646
6.133,184,person,795,441,853,592,0.638
6.133,184,person,1265,538,1386,713,0.427
6.167,185,bus,0,290,565,661,0.974
6.167,185,person,797,448,857,596,0.645
6.167,185,person,302,499,457,716,0.514
6.167,185,person,961,483,1030,605,0.408
6.2,186,bus,0,287,568,659,0.981
6.2,186,person,797,453,862,598,0.679
6.2,186,person,352,483,478,715,0.478
6.2,186,person,959,483,1029,604,0.42
6.233,187,bus,0,287,578,658,0.987
6.233,187,person,800,440,866,591,0.629
6.233,187,person,287,499,467,717,0.576
6.233,187,person,956,475,1027,601,0.414
6.267,188,bus,0,283,604,650,0.981
6.267,188,person,346,484,486,718,0.676
6.267,188,person,798,432,867,593,0.596
6.267,188,person,956,475,1028,606,0.453
6.267,188,person,438,477,564,713,0.448
6.3,189,bus,3,284,606,647,0.988
6.3,189,person,794,444,863,603,0.648
6.3,189,person,952,480,1027,608,0.444
6.3,189,person,362,496,486,717,0.432
6.333,190,bus,5,287,614,639,0.982
6.333,190,person,802,443,870,599,0.619
6.333,190,person,357,505,495,718,0.575
6.333,190,person,953,474,1027,605,0.454
6.367,191,bus,0,286,625,641,0.984
6.367,191,person,372,492,503,720,0.664
6.367,191,person,957,461,1030,604,0.487
6.367,191,person,808,435,872,587,0.42
6.4,192,bus,0,281,615,643,0.98
6.4,192,person,383,505,509,720,0.519
6.4,192,person,954,448,1030,601,0.489
6.433,193,bus,0,280,618,640,0.98
6.433,193,person,384,493,516,719,0.599
6.433,193,person,955,458,1030,601,0.437
6.467,194,bus,0,276,618,642,0.986
6.467,194,person,385,496,522,720,0.572
6.467,194,person,956,453,1031,594,0.421
6.5,195,bus,12,274,627,645,0.979
6.5,195,person,384,502,529,720,0.558
6.5,195,person,954,457,1029,599,0.444
6.5,195,person,1233,498,1370,715,0.41
6.533,196,bus,0,271,612,645,0.986
6.533,196,person,391,496,524,720,0.531
6.533,196,person,961,469,1028,603,0.432
6.567,197,bus,15,272,621,632,0.988
6.567,197,person,412,489,542,720,0.486
6.567,197,person,960,460,1028,600,0.475
6.6,198,bus,10,271,618,622,0.989
6.6,198,person,418,494,550,720,0.595
6.6,198,person,960,461,1028,603,0.452
6.633,199,bus,18,274,607,608,0.988
6.633,199,person,418,494,546,720,0.609
6.633,199,person,962,472,1028,605,0.448
6.667,200,bus,15,276,617,606,0.976
6.667,200,person,425,487,555,720,0.724
6.667,200,person,963,473,1027,603,0.446
6.7,201,bus,15,273,616,607,0.99
6.7,201,person,420,481,559,720,0.728
6.7,201,person,521,497,660,716,0.574
6.7,201,person,1234,495,1363,716,0.461
6.7,201,person,964,475,1025,606,0.454
6.733,202,bus,6,275,621,599,0.987
6.733,202,person,1235,480,1366,716,0.538
6.733,202,person,962,481,1025,611,0.508
6.733,202,person,426,487,554,717,0.418
6.767,203,bus,7,276,615,595,0.988
6.767,203,person,426,490,572,720,0.672
6.767,203,person,517,495,660,716,0.654
6.767,203,person,965,471,1029,612,0.56
6.767,203,person,1231,491,1363,719,0.407
6.8,204,bus,13,283,611,587,0.981
6.8,204,person,435,492,579,720,0.664
6.8,204,person,962,477,1029,616,0.602
6.8,204,person,521,492,655,716,0.504
6.833,205,bus,8,274,616,590,0.985
6.833,205,person,965,468,1029,611,0.579
6.833,205,person,517,491,654,719,0.497
6.833,205,person,1227,485,1364,720,0.492
6.833,205,person,437,484,583,720,0.458
6.867,206,bus,9,271,618,584,0.98
6.867,206,person,965,464,1029,613,0.67
6.867,206,person,425,480,588,719,0.647
6.867,206,person,1229,480,1363,719,0.618
6.867,206,person,508,491,657,714,0.45
6.867,206,person,821,430,877,572,0.423
6.9,207,bus,31,272,598,580,0.979
6.9,207,person,424,479,620,718,0.73
6.9,207,person,964,466,1030,610,0.652
6.9,207,person,1230,480,1360,720,0.58
6.9,207,person,500,500,657,720,0.417
6.9,207,person,829,434,883,576,0.415
6.933,208,bus,26,272,598,574,0.981
6.933,208,person,497,492,655,715,0.643
6.933,208,person,965,472,1030,612,0.633
6.933,208,person,1227,490,1357,718,0.452
6.933,208,person,439,483,615,719,0.449
6.967,209,bus,24,272,581,567,0.981
6.967,209,person,965,475,1028,610,0.593
6.967,209,person,480,487,658,714,0.54
6.967,209,person,1230,483,1356,718,0.475
7.0,210,bus,22,271,576,562,0.98
7.0,210,person,507,486,656,714,0.575
7.0,210,person,1231,476,1357,718,0.564
7.0,210,person,965,467,1029,607,0.545
7.033,211,bus,17,274,584,562,0.986
7.033,211,person,509,482,654,715,0.672
7.033,211,person,968,471,1029,599,0.507
7.033,211,person,1232,475,1355,716,0.458
7.067,212,bus,21,269,618,555,0.992
7.067,212,person,1232,476,1353,718,0.609
7.067,212,person,511,483,655,715,0.607
7.067,212,person,969,465,1030,592,0.449
7.1,213,bus,20,270,619,557,0.992
7.1,213,person,1232,475,1352,717,0.648
7.1,213,person,502,482,655,716,0.596
7.1,213,person,970,459,1031,587,0.49
7.133,214,bus,22,269,644,554,0.989
7.133,214,person,506,483,660,717,0.724
7.133,214,person,1232,476,1352,715,0.592
7.133,214,person,963,455,1028,591,0.436
7.167,215,bus,33,270,661,555,0.981
7.167,215,person,498,478,659,717,0.789
7.167,215,person,1235,476,1352,713,0.583
7.167,215,person,960,451,1024,590,0.477
7.2,216,bus,47,270,665,550,0.97
7.2,216,person,506,486,668,717,0.774
7.2,216,person,1233,472,1351,715,0.654
7.2,216,person,963,451,1023,587,0.519
7.233,217,bus,59,270,710,550,0.974
7.233,217,person,508,482,666,715,0.876
7.233,217,person,1235,476,1349,713,0.477
7.233,217,person,963,450,1026,587,0.476
7.267,218,bus,67,271,656,548,0.978
7.267,218,person,507,477,668,716,0.946
7.267,218,person,1234,481,1348,713,0.451
7.3,219,bus,79,270,683,543,0.964
7.3,219,person,509,462,674,714,0.94
7.3,219,person,1231,480,1344,714,0.453
7.3,219,person,962,459,1030,589,0.415
7.333,220,bus,88,270,644,544,0.958
7.333,220,person,511,472,679,716,0.884
7.333,220,person,1235,479,1343,712,0.415
7.367,221,bus,93,271,626,538,0.973
7.367,221,person,520,483,678,717,0.722
7.4,222,bus,63,273,615,531,0.969
7.4,222,person,520,496,677,718,0.742
7.4,222,person,1222,479,1337,714,0.468
7.4,222,bus,281,281,658,540,0.417
7.433,223,bus,85,273,619,530,0.946
7.433,223,person,522,485,687,716,0.445
7.467,224,bus,66,273,627,529,0.968
7.467,224,person,1219,481,1335,715,0.546
7.467,224,person,521,504,678,720,0.491
7.467,224,bus,301,268,684,532,0.465
7.467,224,person,637,475,703,622,0.415
7.5,225,bus,103,273,624,528,0.952
7.5,225,person,1217,484,1336,715,0.571
7.5,225,person,627,442,710,636,0.409
7.533,226,bus,117,272,654,527,0.958
7.533,226,person,1201,485,1336,717,0.658
7.567,227,bus,103,272,663,525,0.958
7.567,227,person,1199,482,1335,716,0.675
7.6,228,bus,175,273,672,525,0.94
7.6,228,person,1202,485,1334,716,0.585
7.6,228,person,700,481,753,601,0.422
7.633,229,bus,110,275,697,525,0.957
7.633,229,person,1200,483,1335,714,0.686
7.667,230,bus,187,278,686,515,0.908
7.667,230,person,1212,481,1334,709,0.527
7.7,231,bus,172,278,710,512,0.864
7.7,231,person,1215,480,1333,706,0.442
7.7,231,person,656,436,721,623,0.418
7.733,232,bus,210,278,727,512,0.92
7.733,232,person,701,461,759,598,0.425
7.767,233,bus,246,280,718,508,0.948
7.8,234,bus,255,281,683,509,0.931
7.833,235,bus,244,282,658,509,0.939
7.833,235,person,1218,474,1332,708,0.486
7.867,236,bus,221,283,660,511,0.921
7.867,236,person,1212,470,1333,707,0.602
7.9,237,bus,232,287,707,504,0.946
7.9,237,person,1213,473,1336,705,0.605
7.9,237,person,698,449,755,598,0.451
7.933,238,bus,253,284,680,506,0.943
7.933,238,person,1216,473,1333,702,0.503
7.967,239,bus,243,286,680,501,0.954
8.0,240,bus,254,277,665,504,0.927
8.0,240,person,1480,428,1530,550,0.413
8.033,241,bus,257,288,698,500,0.895
8.033,241,person,1217,466,1333,706,0.445
8.067,242,bus,296,288,721,499,0.836
8.067,242,person,666,465,780,713,0.447
8.1,243,bus,320,290,732,497,0.696
8.1,243,person,1207,457,1330,703,0.452
8.1,243,person,973,412,1034,564,0.403
8.133,244,bus,321,280,687,499,0.724
8.133,244,person,974,417,1033,568,0.454
8.133,244,person,1204,460,1329,702,0.44
8.167,245,bus,308,282,735,500,0.729
8.167,245,person,969,416,1032,566,0.467
8.167,245,person,1214,451,1337,696,0.405
8.2,246,bus,331,286,683,495,0.594
8.2,246,person,964,418,1028,564,0.441
8.2,246,person,1207,458,1333,703,0.411
8.233,247,bus,318,288,698,495,0.721
8.233,247,person,1205,459,1335,707,0.496
8.233,247,truck,300,300,639,494,0.448
8.233,247,person,967,415,1030,566,0.421
8.267,248,bus,323,289,683,496,0.558
8.267,248,person,1207,456,1334,707,0.549
8.267,248,truck,309,300,644,494,0.514
8.267,248,person,971,415,1031,567,0.454
8.3,249,truck,310,301,629,491,0.597
8.3,249,person,1210,454,1336,709,0.557
8.3,249,person,971,416,1029,566,0.479
8.3,249,bus,326,291,711,495,0.454
8.333,250,truck,317,292,667,496,0.684
8.333,250,person,972,420,1030,565,0.482
8.333,250,person,1213,455,1333,711,0.434
8.333,250,bus,327,288,718,495,0.405
8.367,251,truck,355,292,726,496,0.582
8.367,251,person,970,421,1029,567,0.465
8.367,251,person,694,471,813,706,0.42
8.4,252,truck,363,287,755,494,0.729
8.4,252,person,969,425,1026,567,0.42
8.433,253,truck,389,287,736,492,0.681
8.433,253,person,964,419,1025,566,0.424
8.433,253,person,720,453,780,600,0.421
8.467,254,truck,375,289,742,492,0.743
8.467,254,person,957,425,1014,569,0.427
8.5,255,truck,382,286,757,490,0.74
8.5,255,person,714,463,770,606,0.409
8.5,255,person,959,443,1016,569,0.405
8.533,256,truck,395,288,857,488,0.829
8.533,256,truck,399,288,650,483,0.471
8.533,256,person,959,432,1018,566,0.435
8.567,257,truck,405,291,846,487,0.812
8.567,257,truck,396,291,650,483,0.516
8.567,257,person,953,425,1014,561,0.43
8.6,258,truck,391,290,832,487,0.697
8.6,258,truck,373,302,654,485,0.509
8.633,259,truck,393,357,635,476,0.6
8.633,259,truck,396,296,824,485,0.537
8.633,259,person,703,474,759,610,0.416
8.667,260,truck,407,298,826,485,0.538
8.667,260,truck,392,361,634,475,0.522
8.7,261,truck,405,366,643,474,0.417
8.733,262,truck,429,292,882,480,0.435
8.767,263,person,693,457,751,600,0.471
8.767,263,truck,449,295,876,476,0.455
8.8,264,person,703,460,762,602,0.494
8.867,266,person,703,450,760,599,0.455
8.867,266,truck,483,295,861,473,0.432
8.9,267,truck,472,296,878,468,0.665
8.9,267,person,705,458,766,602,0.48
8.933,268,truck,473,294,880,468,0.588
8.967,269,truck,497,295,876,466,0.631
8.967,269,person,823,434,929,687,0.474
9.0,270,truck,495,297,869,463,0.461
9.0,270,person,828,437,929,691,0.436
9.033,271,person,832,437,934,691,0.573
9.033,271,truck,504,297,878,459,0.498
9.067,272,person,846,438,946,689,0.455
9.067,272,car,0,417,198,545,0.404
9.1,273,car,0,403,207,550,0.516
9.1,273,person,846,440,947,688,0.467
9.133,274,car,0,416,225,547,0.658
9.133,274,person,852,434,950,689,0.419
9.167,275,car,0,410,232,546,0.793
9.167,275,person,851,434,960,692,0.512
9.167,275,person,1013,445,1076,580,0.401
9.2,276,car,0,413,245,546,0.935
9.2,276,person,723,461,782,595,0.468
9.2,276,person,1225,420,1336,638,0.419
9.233,277,car,2,408,259,544,0.941
9.233,277,person,723,461,780,597,0.474
9.267,278,car,2,409,269,544,0.962
9.3,279,car,1,412,278,538,0.952
9.3,279,person,855,438,969,683,0.403
9.333,280,car,0,413,301,536,0.955
9.367,281,car,0,411,320,534,0.963
9.367,281,person,721,464,785,595,0.405
9.4,282,car,0,410,315,531,0.931
9.4,282,person,723,455,788,593,0.466
9.433,283,car,0,407,337,525,0.952
9.433,283,person,889,432,950,580,0.516
9.433,283,person,1013,444,1074,577,0.402
9.467,284,car,11,404,347,522,0.972
9.467,284,person,879,434,943,582,0.462
9.467,284,person,729,464,793,592,0.426
9.5,285,car,29,402,351,517,0.967
9.5,285,person,728,458,793,589,0.416
9.533,286,car,42,403,361,515,0.965
9.533,286,person,929,458,984,605,0.475
9.533,286,person,888,443,942,574,0.457
9.533,286,person,728,461,792,587,0.451
9.567,287,car,51,398,382,511,0.967
9.567,287,person,728,458,792,587,0.519
9.567,287,person,902,445,992,664,0.48
9.567,287,person,927,457,981,603,0.446
9.567,287,person,886,445,943,571,0.413
9.6,288,car,68,402,387,508,0.956
9.6,288,person,726,465,789,586,0.527
9.6,288,person,935,458,986,603,0.501
9.6,288,person,888,445,945,571,0.433
9.6,288,person,916,451,991,664,0.409
9.6,288,person,1006,453,1065,593,0.405
9.633,289,car,96,400,398,508,0.959
9.633,289,person,729,455,792,583,0.521
9.633,289,person,911,444,1008,669,0.445
9.633,289,person,938,457,995,602,0.438
9.633,289,person,1161,481,1220,605,0.404
9.633,289,person,1008,446,1071,585,0.401
9.667,290,car,94,398,404,509,0.967
9.667,290,person,725,453,791,580,0.489
9.667,290,person,921,450,1026,675,0.481
9.667,290,person,949,458,1007,598,0.466
9.667,290,person,1166,483,1224,607,0.412
9.7,291,car,116,394,409,507,0.962
9.7,291,person,738,454,797,580,0.549
9.7,291,person,919,441,1033,678,0.499
9.7,291,person,951,460,1011,607,0.425
9.733,292,car,123,396,421,502,0.954
9.733,292,person,737,453,796,583,0.559
9.733,292,person,921,436,1035,676,0.453
9.733,292,person,864,437,917,572,0.411
9.767,293,car,131,394,424,497,0.944
9.767,293,person,741,451,797,579,0.519
9.767,293,person,864,439,924,583,0.469
9.767,293,person,775,455,823,569,0.407
9.8,294,car,149,395,426,497,0.918
9.8,294,person,741,451,798,577,0.52
9.8,294,person,860,435,922,584,0.49
9.833,295,car,170,397,446,495,0.793
9.833,295,person,739,447,797,580,0.561
9.833,295,person,776,454,824,574,0.454
9.833,295,person,859,436,921,583,0.414
9.867,296,car,196,399,463,490,0.755
9.867,296,person,738,446,794,572,0.545
9.867,296,person,855,437,918,582,0.481
9.867,296,person,780,453,829,570,0.471
9.9,297,car,197,395,463,492,0.771
9.9,297,person,860,436,921,583,0.535
9.9,297,person,786,458,833,574,0.452
9.9,297,person,735,449,789,565,0.45
9.933,298,car,208,394,468,490,0.787
9.933,298,person,853,441,913,585,0.527
9.933,298,person,795,457,843,579,0.484
9.933,298,person,732,452,784,563,0.415
9.967,299,car,213,397,473,489,0.699
9.967,299,person,847,434,905,577,0.459
9.967,299,person,796,455,847,578,0.437
9.967,299,person,724,448,777,561,0.41
10.0,300,car,220,395,479,490,0.706
10.0,300,person,846,442,905,582,0.525
10.0,300,person,798,456,845,574,0.439
10.033,301,car,231,392,488,486,0.592
10.033,301,person,848,441,902,583,0.423
10.067,302,person,844,444,899,591,0.461
10.067,302,person,805,453,859,583,0.446
10.067,302,car,243,400,510,487,0.444
10.1,303,person,1013,454,1080,603,0.449
10.1,303,person,846,438,899,587,0.443
10.1,303,person,800,451,854,582,0.438
10.133,304,person,1018,450,1083,603,0.502
10.133,304,person,799,455,851,581,0.443
10.133,304,person,845,441,894,582,0.424
10.167,305,person,1015,460,1082,605,0.469
10.2,306,person,1015,463,1082,608,0.51
10.233,307,person,857,444,908,591,0.474
10.233,307,person,1017,459,1081,596,0.469
10.267,308,person,848,446,900,604,0.553
10.267,308,person,811,454,863,596,0.551
10.267,308,person,1025,463,1087,604,0.475
10.3,309,person,808,448,863,601,0.63
10.3,309,person,1028,457,1095,612,0.601
10.3,309,person,843,445,898,605,0.513
10.333,310,person,807,452,864,600,0.645
10.333,310,person,1025,461,1095,613,0.627
10.333,310,person,846,451,900,604,0.532
10.367,311,person,1025,460,1098,619,0.689
10.367,311,person,811,461,870,602,0.539
10.367,311,person,843,454,897,606,0.485
10.4,312,person,1026,456,1100,621,0.667
10.4,312,person,807,456,863,599,0.519
10.4,312,person,848,450,901,599,0.469
10.433,313,person,1025,462,1099,621,0.523
10.433,313,person,807,460,863,596,0.455
10.433,313,person,844,451,900,594,0.411
10.467,314,person,810,449,860,592,0.58
10.467,314,person,1022,454,1099,619,0.452
10.467,314,person,841,443,894,590,0.426
10.5,315,person,813,443,868,594,0.582
10.5,315,person,841,444,896,588,0.413
10.533,316,person,809,446,862,590,0.597
10.533,316,person,1022,457,1098,622,0.462
10.533,316,person,3,486,127,713,0.425
10.533,316,person,847,445,900,584,0.422
10.567,317,person,809,445,862,589,0.566
10.567,317,person,840,440,889,581,0.42
10.6,318,person,811,446,870,590,0.528
10.633,319,person,807,445,869,594,0.534
10.633,319,person,1196,451,1252,605,0.43
10.633,319,person,3,474,131,711,0.419
10.667,320,person,807,443,869,595,0.508
10.667,320,person,1196,468,1249,611,0.421
10.667,320,person,2,473,128,713,0.4
10.7,321,person,800,440,872,609,0.686
10.7,321,person,1187,470,1241,610,0.438
10.7,321,person,1078,458,1139,621,0.401
10.733,322,person,793,427,876,625,0.755
10.733,322,person,1082,451,1148,631,0.416
10.733,322,person,1175,467,1231,614,0.405
10.767,323,person,795,434,874,615,0.758
10.767,323,person,1084,455,1150,637,0.426
10.8,324,person,788,433,876,620,0.756
10.8,324,person,1088,454,1152,634,0.445
10.833,325,person,779,429,873,632,0.736
10.833,325,person,1179,465,1234,618,0.408
10.867,326,person,783,436,860,618,0.562
10.9,327,person,786,436,863,618,0.579
10.933,328,person,783,431,867,620,0.602
10.933,328,person,1165,468,1219,624,0.429
10.967,329,person,783,438,854,612,0.531
10.967,329,person,1161,462,1212,620,0.426
11.0,330,car,0,412,224,525,0.536
11.0,330,person,1166,469,1215,614,0.441
11.0,330,person,781,449,845,598,0.423
11.033,331,car,0,413,232,524,0.731
11.033,331,person,1163,464,1210,609,0.451
11.033,331,person,780,448,842,593,0.449
11.067,332,car,0,411,254,524,0.869
11.067,332,person,1164,473,1210,606,0.427
11.1,333,car,0,414,269,524,0.829
11.1,333,person,783,444,839,595,0.452
11.1,333,person,1158,467,1206,607,0.401
11.133,334,car,0,409,274,521,0.908
11.133,334,person,1162,467,1210,602,0.456
11.133,334,person,780,447,838,591,0.431
11.167,335,car,0,411,284,520,0.894
11.167,335,person,782,446,842,590,0.474
11.167,335,person,1157,462,1208,610,0.435
11.2,336,car,0,405,305,518,0.926
11.2,336,person,1169,463,1220,613,0.463
11.2,336,person,783,451,841,590,0.442
11.233,337,car,0,406,311,513,0.862
11.233,337,person,1168,459,1220,618,0.58
11.233,337,person,783,446,842,593,0.442
11.267,338,car,2,404,325,513,0.919
11.267,338,person,1161,458,1215,620,0.536
11.267,338,person,785,448,850,597,0.418
11.267,338,person,492,427,563,602,0.4
11.3,339,car,5,403,339,513,0.942
11.3,339,person,1161,459,1216,620,0.608
11.3,339,person,782,449,844,598,0.444
11.333,340,car,29,400,348,512,0.953
11.333,340,person,1160,456,1214,620,0.609
11.367,341,car,43,398,349,511,0.943
11.367,341,person,1160,463,1213,620,0.573
11.367,341,person,779,455,836,597,0.413
11.4,342,car,45,399,360,510,0.935
11.4,342,person,1162,460,1215,617,0.642
11.433,343,car,58,401,366,508,0.941
11.433,343,person,1159,457,1216,621,0.615
11.433,343,person,486,451,558,608,0.418
11.467,344,car,82,399,389,506,0.936
11.467,344,person,1159,462,1214,617,0.544
11.467,344,person,488,454,556,604,0.432
11.5,345,car,107,399,395,504,0.908
11.5,345,person,1162,461,1216,616,0.536
11.5,345,person,485,447,554,610,0.426
11.533,346,car,93,392,409,507,0.898
11.533,346,person,1158,455,1219,628,0.595
11.533,346,car,188,408,365,492,0.544
11.533,346,car,2,461,228,604,0.42
11.567,347,car,126,397,411,507,0.856
11.567,347,person,1158,452,1222,633,0.589
11.567,347,car,3,460,240,602,0.527
11.6,348,car,134,398,411,503,0.888
11.6,348,person,1156,448,1225,635,0.641
11.6,348,car,4,455,252,603,0.574
11.6,348,person,720,462,768,608,0.406
11.633,349,car,0,447,261,604,0.781
11.633,349,car,151,393,416,501,0.772
11.633,349,person,1158,454,1234,638,0.589
11.633,349,person,716,456,767,614,0.431
11.667,350,car,2,447,270,607,0.87
11.667,350,person,1165,461,1238,634,0.543
11.667,350,car,164,397,419,503,0.475
11.667,350,person,712,461,766,612,0.449
11.7,351,car,0,444,279,607,0.948
11.7,351,person,1169,451,1243,634,0.639
11.7,351,car,178,398,446,498,0.619
11.7,351,person,472,458,538,613,0.412
11.7,351,person,711,454,766,609,0.411
11.733,352,car,0,444,283,605,0.966
11.733,352,car,191,403,457,495,0.652
11.733,352,person,1168,460,1240,639,0.546
11.733,352,person,471,460,531,614,0.491
11.733,352,person,711,462,770,619,0.45
11.767,353,car,2,446,306,606,0.967
11.767,353,car,196,401,463,496,0.699
11.767,353,person,1171,460,1247,634,0.613
11.767,353,person,466,455,528,615,0.505
11.8,354,car,3,442,313,603,0.96
11.8,354,car,199,398,476,497,0.774
11.8,354,person,468,454,531,616,0.552
11.8,354,person,1177,472,1252,631,0.504
11.833,355,car,3,443,319,606,0.967
11.833,355,car,214,399,479,497,0.812
11.833,355,person,1178,458,1252,628,0.599
11.833,355,person,466,463,528,614,0.493
11.867,356,car,5,445,312,602,0.946
11.867,356,car,225,400,494,494,0.799
11.867,356,person,1175,452,1257,643,0.652
11.867,356,person,462,449,525,611,0.48
11.867,356,person,682,426,775,648,0.447
11.9,357,car,6,444,317,600,0.942
11.9,357,car,240,404,497,492,0.74
11.9,357,person,1180,453,1256,638,0.655
11.9,357,person,462,452,526,613,0.445
11.933,358,car,4,444,321,599,0.93
11.933,358,car,253,408,506,488,0.666
11.933,358,person,1182,451,1259,629,0.647
11.967,359,car,8,444,331,599,0.944
11.967,359,car,297,413,493,483,0.647
11.967,359,person,1186,463,1259,621,0.506
12.0,360,car,2,445,332,598,0.941
12.0,360,car,299,410,511,482,0.567
12.0,360,person,1185,463,1255,615,0.444
12.0,360,person,462,446,528,616,0.409
12.033,361,car,0,445,341,599,0.963
12.033,361,car,319,412,512,481,0.599
12.033,361,person,1191,458,1259,608,0.442
12.033,361,person,458,459,526,614,0.424
12.067,362,car,0,443,353,600,0.966
12.067,362,person,467,465,533,614,0.42
12.067,362,car,337,412,481,479,0.419
12.1,363,car,0,441,353,602,0.969
12.1,363,person,1227,420,1321,637,0.51
12.1,363,person,465,460,534,614,0.483
12.133,364,car,3,442,356,601,0.969
12.133,364,person,1232,420,1323,637,0.534
12.133,364,person,477,474,541,610,0.449
12.167,365,car,1,445,362,600,0.979
12.167,365,person,1236,422,1322,638,0.578
12.167,365,person,474,473,539,601,0.461
12.2,366,car,0,443,366,605,0.972
12.2,366,person,1240,429,1328,638,0.609
12.233,367,car,7,445,368,605,0.967
12.233,367,person,1237,423,1330,638,0.575
12.267,368,car,9,444,371,607,0.947
12.267,368,person,1232,425,1332,637,0.576
12.3,369,car,9,441,375,607,0.937
12.3,369,person,1231,420,1331,636,0.672
12.333,370,car,13,439,379,610,0.901
12.333,370,person,1230,417,1331,632,0.612
12.367,371,car,13,439,385,617,0.948
12.367,371,person,1233,417,1334,634,0.706
12.4,372,car,7,433,392,616,0.962
12.4,372,person,1239,414,1333,634,0.636
12.433,373,car,6,431,398,614,0.95
12.433,373,person,1241,413,1336,635,0.606
12.467,374,car,6,431,400,615,0.963
12.467,374,person,1243,420,1339,635,0.658
12.5,375,car,13,429,405,613,0.969
12.5,375,person,1239,416,1343,636,0.566
12.5,375,person,763,470,819,594,0.432
12.533,376,car,19,429,412,611,0.955
12.533,376,person,1240,414,1341,636,0.529
12.567,377,car,20,427,423,609,0.967
12.567,377,person,1239,416,1342,637,0.547
12.6,378,car,13,428,414,609,0.963
12.6,378,person,1240,412,1341,637,0.451
12.633,379,car,18,426,432,608,0.96
12.667,380,car,18,428,434,604,0.927
12.7,381,car,15,427,414,601,0.935
12.733,382,car,23,426,408,604,0.861
12.767,383,car,24,426,403,601,0.89
12.8,384,car,35,427,395,600,0.868
12.833,385,car,31,428,399,598,0.897
12.867,386,car,32,424,391,596,0.923
12.867,386,person,718,470,776,619,0.572
12.9,387,car,38,424,386,592,0.933
12.9,387,person,714,478,774,624,0.534
12.933,388,car,37,423,389,588,0.921
12.933,388,person,710,476,766,624,0.418
12.967,389,car,40,423,379,588,0.93
12.967,389,person,717,478,776,628,0.465
13.0,390,car,55,420,381,584,0.918
13.0,390,person,719,475,778,632,0.505
13.033,391,car,67,423,379,584,0.908
13.033,391,person,719,474,782,639,0.591
13.067,392,car,69,420,389,578,0.855
13.067,392,person,713,467,775,632,0.621
13.067,392,person,295,542,411,720,0.441
13.1,393,car,70,422,390,580,0.96
13.1,393,person,719,466,778,625,0.688
13.133,394,car,74,421,391,586,0.981
13.133,394,person,718,477,774,628,0.563
13.133,394,person,274,546,404,720,0.428
13.167,395,car,71,420,393,588,0.961
13.167,395,person,717,489,775,635,0.538
13.2,396,car,76,419,396,586,0.966
13.2,396,person,718,491,774,635,0.505
13.233,397,car,77,417,395,585,0.964
13.233,397,person,709,489,768,637,0.519
13.267,398,car,81,417,400,585,0.958
13.267,398,person,711,485,770,640,0.619
13.3,399,car,82,417,416,579,0.941
13.3,399,person,714,488,775,638,0.567
13.333,400,car,87,415,428,577,0.948
13.333,400,person,711,489,773,638,0.477
13.367,401,car,95,415,457,573,0.92
13.367,401,person,710,496,771,643,0.46
13.4,402,car,102,412,430,568,0.923
13.4,402,person,709,483,770,642,0.518
13.433,403,car,106,417,458,567,0.921
13.433,403,person,706,480,764,633,0.477
13.467,404,car,118,415,463,567,0.932
13.467,404,person,222,521,370,720,0.497
13.467,404,person,714,480,771,621,0.426
13.5,405,car,122,413,456,561,0.923
13.5,405,person,219,521,365,719,0.421
13.533,406,car,123,421,463,552,0.88
13.533,406,person,212,529,360,719,0.471
13.567,407,car,133,413,467,558,0.951
13.567,407,person,710,482,766,621,0.47
13.567,407,person,768,473,827,613,0.463
13.567,407,person,212,539,332,715,0.444
13.6,408,car,140,414,475,562,0.936
13.6,408,person,209,537,338,715,0.546
13.6,408,person,761,458,822,620,0.459
13.6,408,person,715,482,769,626,0.44
13.633,409,car,139,416,483,558,0.87
13.633,409,person,204,544,314,712,0.469
13.633,409,person,761,457,820,613,0.461
13.633,409,person,722,482,776,617,0.413
13.667,410,car,146,414,476,552,0.863
13.667,410,person,195,546,308,711,0.462
13.667,410,person,760,466,821,615,0.452
13.7,411,car,153,413,472,544,0.873
13.7,411,person,184,534,309,715,0.62
13.7,411,person,762,458,820,620,0.463
13.733,412,car,154,410,477,544,0.913
13.733,412,person,763,454,819,617,0.473
13.767,413,car,152,411,474,548,0.774
13.767,413,person,766,458,826,624,0.574
13.8,414,car,149,410,477,541,0.723
13.8,414,person,45,549,186,720,0.406
13.833,415,car,157,409,466,539,0.727
13.833,415,person,43,550,181,720,0.46
13.833,415,person,863,525,1000,720,0.418
13.867,416,car,160,410,468,538,0.681
13.867,416,person,51,546,185,720,0.422
13.9,417,car,176,412,473,542,0.765
13.933,418,car,176,412,477,545,0.863
13.933,418,person,52,545,191,720,0.422
13.967,419,car,168,409,481,542,0.619
13.967,419,person,57,544,201,720,0.476
14.0,420,car,187,409,481,540,0.673
14.0,420,person,774,485,838,631,0.481
14.0,420,person,60,543,206,720,0.441
14.033,421,car,194,411,475,538,0.588
14.033,421,person,773,479,835,630,0.474
14.033,421,car,276,431,440,530,0.422
14.067,422,car,210,413,472,545,0.84
14.1,423,car,217,416,478,546,0.656
14.1,423,person,777,483,838,630,0.45
14.133,424,car,217,413,489,549,0.788
14.167,425,car,223,413,510,552,0.457
14.2,426,person,398,449,481,619,0.614
14.233,427,person,393,449,477,618,0.647
14.267,428,person,375,450,473,616,0.548
14.267,428,car,225,412,535,554,0.529
14.3,429,car,242,408,526,563,0.58
14.333,430,car,244,406,527,567,0.59
14.333,430,car,0,389,176,525,0.422
14.367,431,car,235,409,535,559,0.61
14.4,432,truck,234,407,529,555,0.438
14.433,433,car,0,388,231,553,0.544
14.433,433,car,228,406,537,554,0.528
14.467,434,car,0,382,259,558,0.692
14.467,434,car,242,405,540,551,0.587
14.467,434,person,854,538,978,718,0.411
14.5,435,car,0,389,243,543,0.649
14.5,435,car,244,404,548,542,0.591
14.5,435,person,845,537,978,720,0.506
14.533,436,car,0,387,246,544,0.692
14.533,436,car,262,408,563,538,0.569
14.533,436,person,858,543,975,716,0.42
14.567,437,car,0,387,251,541,0.832
14.567,437,car,265,407,563,542,0.67
14.567,437,person,853,544,976,720,0.474
14.567,437,truck,227,294,455,416,0.421
14.6,438,car,0,387,259,537,0.786
14.6,438,car,273,406,554,543,0.676
14.6,438,truck,223,295,443,418,0.4
14.633,439,car,287,405,565,543,0.696
14.633,439,car,0,388,261,532,0.636
14.633,439,person,845,548,983,720,0.526
14.667,440,car,292,405,557,544,0.722
14.667,440,car,0,390,286,529,0.66
14.667,440,person,451,465,579,717,0.509
14.667,440,person,853,555,983,720,0.483
14.7,441,car,297,407,568,544,0.789
14.7,441,car,0,387,317,526,0.744
14.7,441,person,458,466,589,720,0.546
14.7,441,person,496,479,624,720,0.478
14.733,442,car,0,385,321,519,0.677
14.767,443,car,0,380,327,521,0.597
14.767,443,truck,0,378,334,524,0.417
14.8,444,car,0,377,337,521,0.739
14.8,444,person,457,464,591,718,0.532
14.8,444,car,321,415,589,541,0.431
14.833,445,car,0,377,347,515,0.96
14.833,445,person,457,459,592,719,0.606
14.833,445,car,326,414,567,544,0.437
14.867,446,car,0,378,344,515,0.898
14.867,446,car,323,414,597,543,0.495
14.9,447,car,13,383,344,513,0.924
14.9,447,car,327,414,601,546,0.588
14.9,447,person,457,468,580,719,0.498
14.933,448,car,31,383,357,505,0.772
14.933,448,person,457,472,575,720,0.551
14.933,448,car,330,412,610,543,0.449
14.967,449,car,48,382,362,504,0.893
14.967,449,person,457,466,588,720,0.691
14.967,449,car,326,415,618,546,0.562
15.0,450,person,455,472,588,720,0.771
15.0,450,car,65,380,366,500,0.717
15.0,450,car,327,413,616,547,0.685
15.0,450,truck,60,383,365,502,0.41
15.033,451,car,78,381,378,497,0.852
15.033,451,car,336,413,629,542,0.709
15.033,451,person,457,476,580,720,0.706
15.067,452,car,99,382,381,496,0.807
15.067,452,car,334,411,626,544,0.699
15.067,452,person,454,481,579,720,0.692
15.1,453,car,113,386,389,497,0.679
15.1,453,car,329,414,634,547,0.632
15.1,453,person,452,480,567,718,0.589
15.133,454,car,103,381,390,498,0.662
15.133,454,car,333,414,622,543,0.506
15.133,454,person,454,486,565,718,0.499
15.167,455,car,328,412,632,547,0.579
15.167,455,car,122,383,400,499,0.509
15.167,455,truck,124,371,397,492,0.479
15.167,455,person,454,476,563,715,0.458
15.167,455,truck,124,294,387,465,0.412
15.2,456,car,361,414,628,542,0.682
15.2,456,car,126,384,406,500,0.654
15.2,456,person,450,470,559,712,0.576
15.233,457,person,451,461,571,712,0.739
15.233,457,car,368,412,630,542,0.734
15.233,457,car,133,383,417,496,0.536
15.233,457,person,616,483,722,709,0.405
15.267,458,person,450,479,570,714,0.692
15.267,458,car,381,414,652,545,0.553
15.267,458,car,149,383,417,494,0.451
15.3,459,person,447,486,558,715,0.608
15.3,459,car,382,413,662,545,0.517
15.333,460,person,448,475,559,715,0.599
15.333,460,car,397,408,686,545,0.532
15.367,461,person,449,478,559,716,0.526
15.367,461,car,398,412,746,548,0.449
15.4,462,truck,99,287,361,436,0.524
15.433,463,truck,97,290,343,431,0.543
15.467,464,truck,32,290,336,449,0.776
15.467,464,person,395,504,504,719,0.435
15.467,464,person,225,555,328,708,0.402
15.5,465,truck,56,291,330,447,0.778
15.5,465,person,392,496,505,720,0.474
15.533,466,truck,39,289,329,450,0.808
15.533,466,person,387,497,497,720,0.513
15.567,467,truck,31,288,318,453,0.865
15.567,467,person,386,490,495,720,0.646
15.567,467,person,194,496,336,711,0.537
15.567,467,car,438,406,787,555,0.477
15.567,467,person,677,495,771,708,0.429
15.6,468,truck,23,291,305,453,0.858
15.6,468,person,379,500,492,720,0.687
15.6,468,person,199,517,338,716,0.465
15.6,468,car,448,403,847,559,0.402
15.633,469,truck,21,286,304,457,0.88
15.633,469,person,378,502,490,720,0.651
15.667,470,truck,23,287,296,454,0.864
15.667,470,person,377,498,485,718,0.634
15.667,470,person,194,506,337,716,0.444
15.667,470,car,450,400,844,554,0.409
15.7,471,truck,13,291,295,456,0.88
15.7,471,person,372,509,487,718,0.549
15.733,472,truck,10,290,295,456,0.854
15.733,472,person,369,500,487,720,0.617
15.733,472,car,469,408,775,551,0.426
15.767,473,truck,14,287,283,456,0.901
15.767,473,person,373,498,485,717,0.572
15.767,473,car,444,407,765,552,0.487
15.767,473,person,206,549,334,712,0.452
15.8,474,truck,7,290,284,458,0.832
15.8,474,person,370,491,476,714,0.469
15.833,475,truck,9,290,280,460,0.84
15.833,475,person,362,483,471,713,0.495
15.833,475,person,40,489,171,709,0.485
15.867,476,truck,2,292,279,461,0.87
15.867,476,person,35,488,178,710,0.731
15.867,476,car,490,414,826,546,0.536
15.9,477,truck,3,289,272,460,0.923
15.9,477,car,477,411,818,549,0.713
15.9,477,person,48,488,175,707,0.596
15.933,478,truck,5,288,268,461,0.9
15.933,478,car,527,408,886,551,0.676
15.933,478,person,53,489,176,706,0.496
15.967,479,truck,1,288,268,462,0.949
15.967,479,car,537,408,892,553,0.79
15.967,479,person,38,482,171,707,0.749
15.967,479,person,179,497,327,712,0.421
16.0,480,truck,1,282,279,461,0.952
16.0,480,car,541,411,901,553,0.833
16.0,480,person,51,484,174,712,0.619
16.033,481,truck,1,288,265,461,0.928
16.033,481,car,560,412,899,552,0.809
16.033,481,person,66,486,178,707,0.519
16.067,482,truck,3,286,249,458,0.868
16.067,482,car,567,411,915,552,0.831
16.1,483,car,578,417,916,550,0.702
16.1,483,truck,12,277,232,457,0.674
16.133,484,car,589,413,919,551,0.788
16.133,484,truck,9,277,230,453,0.546
16.133,484,bus,5,277,230,455,0.442
16.167,485,truck,5,272,230,455,0.794
16.167,485,car,611,415,934,552,0.67
16.2,486,car,619,416,946,552,0.782
16.2,486,truck,7,269,220,456,0.487
16.2,486,person,71,482,193,713,0.423
16.2,486,person,1,499,70,714,0.421
16.2,486,bus,6,271,221,459,0.417
16.233,487,car,630,418,965,550,0.806
16.233,487,truck,4,267,214,462,0.583
16.233,487,person,74,482,189,714,0.561
16.233,487,person,5,494,72,714,0.41
16.267,488,car,619,418,966,553,0.77
16.267,488,truck,6,267,210,449,0.448
16.267,488,person,124,485,268,714,0.429
16.267,488,person,8,495,72,709,0.418
16.3,489,car,632,421,968,550,0.842
16.3,489,truck,6,266,206,455,0.533
16.3,489,person,11,493,75,708,0.429
16.333,490,car,637,421,969,550,0.823
16.333,490,person,747,507,863,717,0.419
16.333,490,person,882,503,1006,716,0.404
16.367,491,car,641,424,980,553,0.852
16.367,491,person,883,496,1009,718,0.613
16.367,491,truck,4,266,197,450,0.506
16.367,491,person,188,545,330,712,0.455
16.4,492,car,650,426,987,553,0.816
16.4,492,person,879,489,1012,719,0.66
16.4,492,person,176,550,327,710,0.536
16.4,492,truck,2,271,198,457,0.496
16.433,493,car,645,423,1003,550,0.846
16.433,493,truck,2,272,201,456,0.652
16.433,493,person,187,547,324,706,0.404
16.467,494,car,647,419,1007,551,0.807
16.467,494,truck,4,272,199,456,0.572
16.467,494,person,888,493,1018,719,0.417
16.467,494,person,341,487,411,627,0.407
16.5,495,car,652,422,1032,554,0.779
16.5,495,truck,4,267,196,459,0.575
16.5,495,person,902,496,1026,719,0.498
16.533,496,car,668,421,1033,554,0.677
16.533,496,truck,3,263,201,457,0.573
16.533,496,person,902,493,1025,718,0.411
16.567,497,car,666,418,1042,556,0.9
16.567,497,person,910,493,1027,720,0.445
16.567,497,truck,4,271,203,458,0.406
16.6,498,car,670,420,1045,555,0.857
16.6,498,person,909,503,1029,718,0.585
16.633,499,car,682,420,1054,558,0.951
16.633,499,person,919,504,1034,718,0.437
16.633,499,truck,0,274,205,459,0.422
16.667,500,car,692,424,1082,556,0.966
16.667,500,person,923,505,1040,716,0.417
16.667,500,truck,1,271,231,460,0.406
16.7,501,car,691,423,1086,557,0.936
16.733,502,car,679,420,1095,555,0.95
16.733,502,person,220,570,346,710,0.45
16.767,503,car,701,419,1115,564,0.951
16.767,503,person,216,564,349,712,0.472
16.8,504,car,704,420,1125,563,0.866
16.8,504,person,214,560,345,712,0.467
16.833,505,car,721,419,1131,564,0.923
16.833,505,person,202,563,345,710,0.511
16.833,505,person,381,516,499,717,0.428
16.867,506,car,747,419,1133,564,0.931
16.867,506,person,213,557,345,709,0.408
16.9,507,car,758,419,1140,563,0.852
16.933,508,car,768,422,1151,561,0.833
16.933,508,person,205,546,341,709,0.453
16.933,508,person,20,557,175,720,0.414
16.967,509,car,778,422,1184,567,0.78
16.967,509,person,950,546,1062,716,0.449
16.967,509,person,204,556,336,711,0.431
17.0,510,car,804,424,1198,569,0.873
17.033,511,car,810,425,1199,570,0.891
17.067,512,car,827,426,1209,567,0.921
17.067,512,person,384,514,495,713,0.548
17.067,512,person,947,548,1080,714,0.431
17.067,512,truck,366,323,612,435,0.418
17.1,513,car,839,427,1215,564,0.947
17.1,513,person,948,547,1088,719,0.424
17.1,513,person,823,554,927,716,0.416
17.133,514,car,843,425,1225,571,0.964
17.133,514,truck,377,324,620,437,0.555
17.167,515,car,856,428,1246,570,0.917
17.167,515,truck,354,323,617,435,0.606
17.167,515,person,960,553,1086,715,0.414
17.2,516,car,871,426,1257,572,0.927
17.2,516,truck,331,322,597,432,0.618
17.2,516,person,960,555,1094,718,0.498
17.233,517,car,878,424,1271,576,0.922
17.233,517,truck,356,323,614,429,0.465
17.233,517,person,968,557,1095,715,0.438
17.267,518,car,902,428,1277,580,0.952
17.267,518,truck,345,323,613,431,0.669
17.267,518,person,971,556,1097,716,0.412
17.3,519,car,916,427,1293,579,0.971
17.3,519,truck,333,322,593,433,0.566
17.333,520,car,925,428,1306,581,0.967
17.333,520,person,55,485,175,716,0.517
17.333,520,truck,330,318,584,431,0.431
17.367,521,car,930,428,1316,583,0.965
17.367,521,truck,322,319,599,432,0.664
17.367,521,person,55,483,173,715,0.447
17.4,522,car,948,428,1331,586,0.984
17.4,522,truck,299,319,611,435,0.79
17.4,522,person,53,482,173,717,0.505
17.433,523,car,965,429,1329,588,0.984
17.433,523,truck,325,318,594,430,0.577
17.433,523,person,46,484,174,717,0.451
17.467,524,car,974,429,1339,589,0.968
17.467,524,truck,323,320,588,429,0.569
17.467,524,person,41,485,175,717,0.486
17.5,525,car,981,428,1375,586,0.988
17.5,525,truck,318,320,592,431,0.706
17.5,525,person,52,492,175,718,0.439
17.533,526,car,995,428,1392,588,0.974
17.533,526,truck,305,315,588,432,0.785
17.533,526,person,53,511,175,720,0.404
17.567,527,car,1000,428,1409,591,0.972
17.567,527,truck,298,314,587,431,0.78
17.6,528,car,1020,429,1423,588,0.966
17.6,528,truck,320,315,589,426,0.611
17.6,528,person,53,495,182,718,0.546
17.633,529,car,1030,428,1421,588,0.975
17.633,529,truck,283,314,593,433,0.806
17.633,529,car,0,432,244,551,0.555
17.633,529,person,56,502,181,718,0.493
17.633,529,person,201,545,358,711,0.469
17.667,530,car,1034,430,1450,590,0.987
17.667,530,truck,286,315,589,429,0.727
17.667,530,car,0,431,262,552,0.621
17.667,530,person,61,498,188,716,0.612
17.667,530,person,203,547,343,709,0.524
17.7,531,car,1048,430,1463,593,0.987
17.7,531,truck,280,313,580,427,0.819
17.7,531,car,0,431,279,549,0.762
17.7,531,person,63,518,187,720,0.465
17.733,532,car,1060,430,1482,595,0.99
17.733,532,car,0,421,298,553,0.734
17.733,532,truck,294,313,571,424,0.695
17.733,532,person,70,517,195,720,0.522
17.767,533,car,1077,428,1494,594,0.984
17.767,533,truck,294,316,581,426,0.762
17.767,533,car,0,425,304,547,0.594
17.767,533,person,70,513,193,720,0.42
17.8,534,car,1086,430,1514,594,0.977
17.8,534,truck,288,319,579,427,0.75
17.833,535,car,1100,428,1530,599,0.973
17.833,535,truck,302,317,581,425,0.732
17.833,535,car,7,426,348,541,0.641
17.867,536,car,1113,431,1542,601,0.949
17.867,536,truck,274,316,580,429,0.845
17.867,536,car,19,425,348,545,0.639
17.867,536,person,234,563,345,709,0.437
17.9,537,car,1116,434,1546,601,0.938
17.9,537,truck,246,316,582,429,0.814
17.9,537,car,10,418,351,544,0.792
17.9,537,person,223,568,340,711,0.494
17.933,538,car,12,416,360,544,0.89
17.933,538,car,1140,434,1546,602,0.88
17.933,538,truck,255,313,579,428,0.758
17.933,538,person,219,565,342,713,0.55
17.967,539,car,1147,439,1546,597,0.882
17.967,539,car,20,418,361,548,0.87
17.967,539,truck,263,312,577,430,0.781
17.967,539,person,6,515,81,702,0.466
18.0,540,car,1158,438,1546,599,0.916
18.0,540,car,24,417,367,550,0.876
18.0,540,truck,274,318,582,432,0.763
18.0,540,person,5,516,78,700,0.434
18.033,541,car,1178,440,1546,598,0.937
18.033,541,car,20,413,371,544,0.86
18.033,541,truck,252,314,584,432,0.816
18.067,542,car,1194,441,1545,595,0.936
18.067,542,truck,249,313,582,430,0.76
18.067,542,car,27,413,388,536,0.721
18.1,543,car,1224,442,1537,592,0.91
18.1,543,car,35,414,399,537,0.785
18.1,543,bus,261,315,584,429,0.498
18.1,543,truck,260,316,580,427,0.483
18.133,544,car,1234,440,1537,593,0.89
18.133,544,car,54,414,417,536,0.679
18.133,544,bus,245,313,588,428,0.479
18.133,544,truck,241,316,581,426,0.422
18.167,545,car,1243,439,1538,595,0.86
18.167,545,car,74,409,425,538,0.834
18.167,545,bus,223,312,594,430,0.704
18.2,546,car,1265,440,1537,594,0.786
18.2,546,car,82,409,431,536,0.767
18.2,546,bus,221,313,599,429,0.725
18.233,547,bus,214,311,591,428,0.806
18.233,547,car,108,411,432,522,0.661
18.233,547,car,1284,435,1535,595,0.531
18.233,547,truck,1279,432,1541,601,0.489
18.233,547,person,7,496,84,668,0.42
18.267,548,bus,234,312,594,428,0.743
18.267,548,car,112,408,443,525,0.672
18.267,548,car,1308,438,1540,592,0.553
18.267,548,truck,1308,438,1546,597,0.455
18.3,549,bus,221,313,601,428,0.84
18.3,549,car,122,410,460,524,0.824
18.3,549,car,1315,442,1546,593,0.575
18.3,549,truck,1312,440,1544,605,0.497
18.333,550,bus,211,311,597,429,0.893
18.333,550,car,133,412,466,520,0.698
18.333,550,car,1333,448,1544,595,0.473
18.367,551,bus,208,312,591,430,0.931
18.367,551,car,146,412,476,522,0.556
18.4,552,bus,205,309,587,431,0.785
18.433,553,bus,214,311,591,430,0.842
18.433,553,car,184,416,479,519,0.638
18.467,554,bus,190,310,585,428,0.862
18.467,554,car,192,416,483,516,0.611
18.467,554,truck,11,286,343,452,0.462
18.467,554,truck,87,295,555,454,0.452
18.5,555,bus,191,307,582,431,0.817
18.5,555,car,200,416,486,515,0.681
18.5,555,truck,74,291,555,455,0.491
18.5,555,truck,19,285,360,451,0.415
18.533,556,bus,198,308,579,430,0.729
18.533,556,car,212,414,491,518,0.703
18.533,556,truck,69,292,548,457,0.452
18.533,556,truck,16,290,351,454,0.434
18.567,557,bus,193,309,581,429,0.744
18.567,557,car,221,412,497,519,0.704
18.567,557,truck,22,277,397,457,0.452
18.567,557,truck,86,297,550,456,0.42
18.6,558,bus,187,307,580,429,0.65
18.6,558,truck,19,282,405,460,0.479
18.6,558,car,238,410,508,517,0.444
18.633,559,truck,15,271,406,461,0.576
18.633,559,bus,194,306,577,431,0.487
18.633,559,truck,83,306,567,450,0.452
18.667,560,truck,17,269,448,458,0.638
18.667,560,person,510,499,617,717,0.422
18.667,560,bus,182,307,577,433,0.417
18.7,561,bus,152,306,573,433,0.743
18.7,561,truck,39,296,563,458,0.734
18.7,561,truck,7,289,318,455,0.422
18.733,562,truck,53,297,566,457,0.774
18.733,562,bus,137,306,571,433,0.703
18.733,562,truck,1,294,311,461,0.406
18.733,562,car,299,416,538,513,0.403
18.767,563,truck,25,291,572,460,0.768
18.767,563,bus,144,310,562,433,0.563
18.767,563,truck,0,290,313,462,0.486
18.8,564,bus,166,309,559,431,0.69
18.8,564,truck,49,295,559,456,0.669
18.8,564,car,302,413,550,510,0.501
18.8,564,truck,0,292,298,463,0.44
18.833,565,truck,19,279,453,464,0.748
18.833,565,bus,166,309,567,433,0.704
18.867,566,bus,141,307,564,435,0.886
18.867,566,truck,21,285,482,460,0.803
18.867,566,truck,0,276,286,462,0.525
18.867,566,car,315,406,564,510,0.517
18.867,566,person,56,500,179,704,0.427
18.9,567,bus,137,306,558,435,0.835
18.9,567,truck,15,282,500,460,0.794
18.9,567,truck,0,278,272,463,0.471
18.9,567,person,50,499,170,700,0.468
18.933,568,bus,137,305,547,434,0.85
18.933,568,truck,14,282,503,458,0.739
18.933,568,person,53,490,171,707,0.563
18.933,568,person,197,501,336,701,0.433
18.933,568,truck,0,276,268,463,0.421
18.967,569,truck,9,284,521,459,0.811
18.967,569,bus,116,305,550,435,0.786
18.967,569,person,57,495,174,702,0.433
18.967,569,person,199,507,337,702,0.422
19.0,570,bus,119,306,550,432,0.895
19.0,570,truck,22,290,511,456,0.737
19.0,570,person,58,494,184,700,0.514
19.033,571,bus,106,302,545,435,0.884
19.033,571,truck,13,292,524,458,0.8
19.033,571,person,60,493,184,707,0.562
19.067,572,bus,96,300,547,444,0.896
19.067,572,truck,20,289,531,457,0.789
19.067,572,person,59,491,184,714,0.738
19.1,573,bus,84,302,539,436,0.919
19.1,573,person,60,491,192,713,0.753
19.1,573,truck,23,294,536,451,0.465
19.133,574,bus,85,301,528,432,0.909
19.133,574,person,64,495,192,712,0.707
19.133,574,truck,27,293,536,453,0.402
19.167,575,bus,58,295,536,441,0.948
19.167,575,person,60,489,195,714,0.851
19.167,575,person,382,519,479,705,0.408
19.2,576,bus,53,291,531,440,0.948
19.2,576,person,58,495,191,713,0.853
19.233,577,bus,57,293,516,434,0.919
19.233,577,person,64,507,190,711,0.68
19.267,578,bus,33,290,519,437,0.955
19.267,578,person,59,509,187,715,0.78
19.3,579,bus,38,294,499,442,0.977
19.3,579,person,53,509,184,717,0.737
19.333,580,bus,46,294,508,427,0.918
19.333,580,person,55,512,181,714,0.496
19.333,580,person,382,512,491,711,0.417
19.367,581,bus,40,293,498,442,0.987
19.367,581,person,172,502,339,715,0.561
19.367,581,person,51,499,180,708,0.456
19.4,582,bus,57,292,498,440,0.973
19.433,583,bus,66,291,491,435,0.97
19.467,584,bus,54,296,501,441,0.981
19.467,584,person,56,484,205,707,0.528
19.467,584,person,826,476,879,610,0.423
19.5,585,bus,70,295,505,440,0.991
19.5,585,person,57,481,209,704,0.539
19.5,585,person,826,468,881,610,0.481
19.533,586,bus,72,299,483,438,0.965
19.533,586,person,826,461,880,612,0.505
19.533,586,person,50,500,206,708,0.489
19.567,587,bus,15,296,478,443,0.973
19.567,587,person,823,448,881,615,0.61
19.567,587,person,53,494,211,706,0.493
19.6,588,bus,3,295,465,443,0.957
19.6,588,person,824,442,879,610,0.57
19.6,588,person,46,496,213,703,0.458
19.633,589,bus,8,295,470,450,0.914
19.633,589,person,40,485,216,698,0.499
19.633,589,person,823,442,875,600,0.441
19.667,590,bus,7,295,457,449,0.887
19.667,590,person,40,466,224,698,0.665
19.7,591,bus,9,292,455,451,0.851
19.7,591,person,39,488,207,708,0.482
19.7,591,truck,12,287,408,489,0.467
19.7,591,person,826,455,879,598,0.408
19.733,592,truck,10,289,400,507,0.796
19.733,592,person,828,465,882,604,0.424
19.767,593,truck,11,287,419,498,0.719
19.767,593,person,827,460,881,608,0.545
19.767,593,bus,9,291,449,478,0.539
19.8,594,truck,8,286,399,504,0.601
19.8,594,person,828,458,882,608,0.526
19.8,594,bus,9,285,430,493,0.478
19.8,594,car,307,384,438,443,0.443
19.833,595,truck,5,288,364,515,0.808
19.833,595,person,833,465,886,606,0.437
19.867,596,bus,0,280,412,522,0.59
19.867,596,person,831,454,885,608,0.496
19.867,596,truck,2,278,413,516,0.444
19.9,597,bus,7,283,424,517,0.615
19.933,598,bus,1,283,381,520,0.599
19.967,599,bus,0,285,394,520,0.724
19.967,599,person,69,484,186,696,0.42
20.0,600,truck,3,281,411,519,0.829
20.0,600,person,60,480,177,703,0.553
20.033,601,truck,3,281,414,509,0.788
20.033,601,person,51,484,170,713,0.727
20.033,601,person,834,477,888,611,0.477
20.033,601,bus,2,284,391,511,0.451
20.067,602,truck,0,289,414,490,0.632
20.067,602,person,834,465,888,615,0.569
20.067,602,person,57,486,170,712,0.536
20.067,602,bus,0,279,391,507,0.526
20.1,603,bus,0,281,387,512,0.696
20.1,603,person,37,487,163,713,0.665
20.1,603,truck,0,285,411,496,0.615
20.1,603,person,826,456,879,605,0.418
20.1,603,person,183,478,314,705,0.407
20.133,604,bus,0,282,389,511,0.775
20.133,604,truck,0,283,406,490,0.611
20.133,604,person,826,466,881,604,0.518
20.133,604,person,23,498,163,718,0.464
20.167,605,bus,0,281,386,510,0.781
20.167,605,person,833,458,886,601,0.547
20.167,605,truck,1,282,400,494,0.538
20.2,606,bus,0,275,391,510,0.797
20.2,606,truck,0,289,395,508,0.562
20.2,606,person,830,458,881,590,0.431
20.233,607,bus,0,280,398,507,0.89
20.233,607,truck,0,280,404,498,0.484
20.233,607,person,831,465,889,607,0.414
20.267,608,bus,0,283,396,509,0.944
20.267,608,person,831,461,889,604,0.434
20.3,609,bus,0,284,398,511,0.823
20.3,609,person,829,462,886,602,0.43
20.3,609,truck,0,284,400,505,0.423
20.333,610,bus,0,281,388,511,0.905
20.333,610,person,828,462,888,606,0.456
20.367,611,bus,0,282,375,511,0.928
20.367,611,person,829,463,890,609,0.508
20.4,612,bus,0,271,382,507,0.946
20.4,612,person,828,465,892,615,0.555
20.433,613,bus,0,268,401,508,0.837
20.433,613,person,829,463,892,615,0.524
20.467,614,bus,0,270,399,509,0.936
20.467,614,person,188,548,317,711,0.47
20.467,614,person,828,460,886,607,0.444
20.5,615,bus,0,272,423,512,0.75
20.5,615,person,828,458,886,609,0.454
20.533,616,bus,0,270,415,512,0.651
20.533,616,person,832,459,890,611,0.464
20.533,616,person,642,478,708,607,0.458
20.567,617,bus,0,273,417,509,0.863
20.567,617,person,832,461,890,611,0.479
20.6,618,bus,0,276,396,518,0.822
20.6,618,person,833,462,892,609,0.48
20.633,619,bus,0,277,395,509,0.792
20.633,619,person,831,458,891,609,0.452
20.667,620,bus,0,287,416,508,0.853
20.667,620,person,833,464,893,609,0.475
20.7,621,bus,0,277,428,505,0.895
20.7,621,person,832,464,894,609,0.497
20.733,622,bus,0,280,427,498,0.894
20.733,622,person,829,462,890,607,0.423
20.767,623,bus,0,284,433,507,0.895
20.767,623,person,831,457,893,607,0.445
20.8,624,bus,0,276,433,508,0.743
20.8,624,person,832,458,892,604,0.456
20.833,625,bus,0,284,442,499,0.836
20.833,625,person,827,460,891,610,0.482
20.867,626,bus,3,283,459,497,0.816
20.867,626,person,832,458,895,606,0.439
20.9,627,bus,5,282,477,500,0.859
20.9,627,person,836,457,898,605,0.421
20.933,628,bus,0,278,467,497,0.829
20.967,629,bus,3,278,455,503,0.861
20.967,629,person,833,457,897,607,0.468
20.967,629,person,189,546,336,714,0.462
21.0,630,bus,0,288,463,501,0.736
21.033,631,truck,0,283,446,507,0.618
21.033,631,bus,0,277,462,503,0.55
21.033,631,person,215,550,335,709,0.42
21.067,632,bus,1,281,494,505,0.749
21.1,633,bus,0,281,491,503,0.749
21.133,634,bus,18,282,513,495,0.633
21.133,634,truck,4,283,480,501,0.472
21.167,635,bus,35,287,502,488,0.816
21.2,636,bus,43,287,503,487,0.757
21.2,636,truck,16,282,500,490,0.408
21.233,637,bus,45,287,519,483,0.803
21.233,637,truck,19,284,522,482,0.531
21.267,638,bus,53,287,528,482,0.888
21.267,638,truck,23,284,530,483,0.694
21.267,638,person,22,505,98,699,0.421
21.3,639,bus,50,286,536,482,0.841
21.3,639,truck,24,282,551,482,0.724
21.3,639,person,19,505,103,699,0.482
21.333,640,bus,55,287,537,484,0.901
21.333,640,person,22,504,101,696,0.498
21.333,640,truck,42,283,565,483,0.492
21.333,640,person,203,552,323,709,0.446
21.367,641,bus,58,295,547,485,0.941
21.367,641,truck,32,281,565,485,0.576
21.367,641,person,21,502,103,696,0.494
21.367,641,person,843,454,902,591,0.415
21.4,642,bus,84,291,558,481,0.851
21.4,642,person,186,552,317,712,0.466
21.4,642,person,845,452,905,592,0.422
21.4,642,person,20,507,100,694,0.413
21.433,643,bus,88,292,547,480,0.892
21.433,643,person,173,551,316,712,0.423
21.433,643,person,851,456,907,589,0.409
21.467,644,bus,116,296,557,479,0.907
21.467,644,truck,65,279,545,471,0.442
21.5,645,bus,126,292,560,479,0.905
21.533,646,bus,139,293,570,474,0.907
21.533,646,truck,120,292,563,475,0.468
21.567,647,bus,164,294,575,471,0.976
21.6,648,bus,159,298,576,473,0.91
21.6,648,truck,152,294,571,471,0.47
21.633,649,bus,184,298,571,474,0.925
21.667,650,bus,194,299,574,475,0.919
21.667,650,person,169,546,318,712,0.512
21.7,651,bus,211,300,571,470,0.931
21.7,651,person,180,549,321,711,0.521
21.733,652,bus,191,297,578,474,0.886
21.733,652,person,176,544,329,713,0.564
21.767,653,truck,212,299,571,470,0.887
21.767,653,person,159,537,330,716,0.673
21.767,653,person,361,501,467,717,0.403
21.8,654,bus,200,300,579,473,0.8
21.8,654,person,162,541,328,714,0.504
21.8,654,person,360,503,470,713,0.476
21.8,654,truck,211,299,580,472,0.421
21.833,655,bus,231,297,642,473,0.69
21.833,655,truck,221,297,591,471,0.617
21.833,655,person,365,510,475,716,0.569
21.833,655,person,716,469,777,600,0.4
21.867,656,truck,236,299,590,469,0.852
21.867,656,person,716,465,772,594,0.427
21.867,656,person,716,565,866,720,0.42
21.9,657,truck,236,301,600,472,0.867
21.9,657,person,721,466,782,599,0.461
21.933,658,truck,236,301,592,469,0.935
21.933,658,person,729,474,787,595,0.404
21.967,659,truck,240,300,595,465,0.927
21.967,659,person,734,545,879,720,0.413
22.0,660,truck,255,302,592,464,0.976
22.0,660,person,499,482,622,714,0.458
22.033,661,truck,250,302,598,467,0.977
22.067,662,truck,240,298,623,464,0.938
22.067,662,truck,187,371,420,454,0.415
22.1,663,truck,248,299,606,465,0.974
22.1,663,truck,172,358,424,456,0.537
22.133,664,truck,286,303,603,467,0.98
22.167,665,truck,309,302,604,462,0.951
22.2,666,truck,320,300,587,464,0.952
22.233,667,truck,327,303,579,457,0.924
22.267,668,truck,335,304,600,457,0.865
22.3,669,truck,337,306,595,461,0.904
22.333,670,truck,340,306,613,467,0.881
22.367,671,truck,338,308,610,460,0.881
22.4,672,truck,346,308,608,455,0.819
22.433,673,truck,355,306,606,456,0.787
22.467,674,truck,363,307,588,457,0.788
22.5,675,truck,379,305,611,456,0.628
22.533,676,truck,381,307,607,458,0.869
22.533,676,person,638,478,699,608,0.406
22.567,677,truck,384,308,599,452,0.662
22.567,677,person,117,516,274,712,0.467
22.6,678,truck,404,309,605,454,0.684
22.6,678,person,125,512,270,715,0.457
22.6,678,person,21,489,100,699,0.405
22.633,679,truck,407,310,616,455,0.705
22.633,679,person,120,512,260,717,0.45
22.667,680,truck,408,313,614,456,0.636
22.667,680,person,121,509,262,718,0.571
22.667,680,person,643,491,700,618,0.486
22.667,680,person,230,531,357,714,0.402
22.7,681,person,639,461,695,607,0.408
22.767,683,person,643,476,701,618,0.544
22.8,684,person,648,473,702,614,0.465
22.8,684,person,22,494,97,691,0.424
22.833,685,person,646,468,698,613,0.489
22.833,685,person,22,494,98,691,0.452
22.833,685,car,9,367,269,459,0.435
22.867,686,person,24,497,100,690,0.467
22.867,686,person,650,467,702,610,0.459
22.867,686,car,8,366,267,459,0.419
22.9,687,car,0,366,265,460,0.562
22.9,687,person,654,476,708,614,0.48
22.9,687,person,25,498,100,690,0.464
22.933,688,person,662,473,715,619,0.642
22.933,688,car,0,366,260,459,0.538
22.933,688,person,25,495,101,689,0.485
22.933,688,person,287,517,425,715,0.4
22.967,689,car,0,363,257,460,0.667
22.967,689,person,663,460,714,604,0.56
22.967,689,person,24,495,101,689,0.518
23.0,690,car,6,364,260,459,0.589
23.0,690,person,669,467,720,601,0.552
23.0,690,person,29,497,102,690,0.535
23.0,690,person,289,541,441,718,0.502
23.0,690,person,161,518,302,716,0.465
23.0,690,person,689,469,741,601,0.428
23.033,691,person,27,495,103,692,0.577
23.033,691,person,166,518,307,717,0.513
23.033,691,car,0,366,255,461,0.503
23.033,691,person,294,540,441,719,0.458
23.033,691,person,690,461,745,603,0.454
23.033,691,person,665,469,720,601,0.45
23.067,692,person,165,516,305,716,0.572
23.067,692,person,30,494,102,693,0.539
23.067,692,person,300,541,448,720,0.486
23.067,692,car,0,368,240,461,0.486
23.067,692,person,668,458,721,599,0.469
23.067,692,person,689,471,744,606,0.413
23.1,693,person,165,519,300,717,0.592
23.1,693,person,31,494,103,693,0.552
23.1,693,person,298,552,450,720,0.472
23.1,693,person,665,464,718,593,0.415
23.133,694,person,30,495,105,692,0.577
23.133,694,person,178,522,307,716,0.548
23.133,694,person,662,462,715,592,0.517
23.133,694,person,303,547,456,720,0.5
23.133,694,person,696,476,747,592,0.414
23.167,695,person,29,492,109,695,0.592
23.167,695,person,696,472,751,603,0.501
23.167,695,person,195,527,310,713,0.456
23.167,695,person,668,471,719,595,0.445
23.2,696,person,30,494,108,693,0.603
23.2,696,person,693,475,745,608,0.494
23.2,696,person,672,468,719,593,0.407
23.233,697,person,25,492,108,694,0.631
23.233,697,person,692,445,749,599,0.495
23.233,697,person,668,441,719,589,0.475
23.267,698,person,27,493,107,692,0.639
23.267,698,person,695,442,754,610,0.531
23.267,698,person,214,503,323,715,0.53
23.267,698,person,655,435,709,600,0.49
23.267,698,car,0,363,190,467,0.464
23.3,699,person,29,494,106,694,0.637
23.3,699,person,698,470,750,602,0.461
23.3,699,person,661,455,713,593,0.422
23.3,699,car,0,364,185,467,0.411
23.333,700,person,33,496,106,693,0.616
23.333,700,person,651,447,703,600,0.557
23.333,700,person,701,476,755,604,0.539
23.367,701,person,33,492,105,694,0.595
23.367,701,person,702,472,762,599,0.513
23.367,701,person,227,498,332,711,0.413
23.4,702,person,34,490,105,694,0.629
23.4,702,person,230,501,334,712,0.429
23.4,702,person,712,456,769,578,0.406
23.433,703,person,31,488,105,695,0.625
23.433,703,person,701,453,763,581,0.475
23.467,704,person,30,488,105,696,0.615
23.467,704,person,698,439,761,584,0.5
23.5,705,person,705,444,768,592,0.629
23.5,705,person,28,492,103,697,0.561
23.5,705,person,323,548,479,720,0.437
23.533,706,person,29,493,101,696,0.528
23.533,706,person,710,457,769,583,0.495
23.567,707,person,28,489,101,697,0.535
23.6,708,person,710,456,771,596,0.498
23.6,708,person,25,494,101,698,0.491
23.633,709,person,18,479,104,703,0.465
23.633,709,person,343,547,486,720,0.4
23.667,710,person,18,489,99,701,0.443
23.667,710,person,348,550,493,720,0.409
23.7,711,person,345,550,497,720,0.415
23.7,711,person,23,509,98,699,0.406
23.733,712,person,271,503,387,714,0.446
23.767,713,person,275,498,390,714,0.49
23.8,714,person,334,535,502,720,0.616
23.833,715,person,995,471,1057,610,0.408
23.867,716,person,993,456,1061,615,0.485
23.9,717,person,999,465,1061,619,0.55
23.9,717,person,985,458,1045,589,0.427
23.933,718,person,1005,464,1066,618,0.478
23.967,719,person,1001,449,1069,613,0.49
23.967,719,person,294,491,397,710,0.425
24.0,720,person,299,486,416,716,0.652
24.0,720,person,1001,436,1070,609,0.42
24.033,721,person,1005,432,1072,610,0.467
24.033,721,person,300,492,409,709,0.403
24.067,722,person,3,515,122,720,0.49
24.067,722,person,1007,433,1079,622,0.481
24.067,722,person,298,492,409,711,0.413
24.1,723,person,1,513,125,720,0.618
24.1,723,person,1012,432,1086,623,0.492
24.133,724,person,4,511,132,720,0.584
24.133,724,person,1018,447,1089,616,0.503
24.133,724,person,413,536,590,720,0.447
24.133,724,car,214,383,370,444,0.414
24.167,725,person,1021,438,1091,614,0.472
24.167,725,person,0,519,142,720,0.46
24.2,726,person,2,513,145,720,0.546
24.2,726,person,1014,451,1092,609,0.503
24.2,726,person,418,532,591,720,0.48
24.233,727,person,3,511,149,720,0.575
24.233,727,person,1019,442,1097,603,0.451
24.267,728,person,3,509,146,720,0.576
24.3,729,person,8,509,155,720,0.551
24.333,730,person,8,510,157,720,0.68
24.367,731,person,10,510,157,720,0.633
24.4,732,person,10,508,160,720,0.692
24.433,733,person,12,501,159,720,0.473
24.467,734,person,15,506,161,719,0.428
24.5,735,person,18,499,163,719,0.57
24.533,736,person,15,501,162,720,0.561
